floor_g,n_events,events_per_day,n_days_with_meal,n_days_with_2to8,evening_share_pct,n_logged_events,logged_events_per_day
5,176,2.933163590070019,57,54,31.25,2,0.033331404432613856
10,176,2.933163590070019,57,54,31.25,2,0.033331404432613856
20,172,2.8665007812047913,57,52,31.976744186046513,2,0.033331404432613856
30,156,2.5998495457438806,56,49,33.33333333333333,2,0.033331404432613856
50,91,1.5165789016839304,46,29,36.26373626373626,1,0.016665702216306928
