floor_g,n_events,events_per_day,n_days_with_meal,n_days_with_2to8,evening_share_pct,n_logged_events,logged_events_per_day
5,117,1.95,54,46,24.786324786324787,2,0.03333333333333333
10,117,1.95,54,46,24.786324786324787,2,0.03333333333333333
20,115,1.9166666666666667,54,44,25.217391304347824,1,0.016666666666666666
30,109,1.8166666666666667,54,40,22.93577981651376,1,0.016666666666666666
50,79,1.3166666666666667,45,26,25.31645569620253,0,0.0
