floor_g,n_events,events_per_day,n_days_with_meal,n_days_with_2to8,evening_share_pct,n_logged_events,logged_events_per_day
5,145,2.4165268213645046,57,52,28.965517241379313,2,0.033331404432613856
10,145,2.4165268213645046,57,52,28.965517241379313,2,0.033331404432613856
20,141,2.349864012499277,57,50,29.78723404255319,2,0.033331404432613856
30,129,2.1498755859035934,56,46,30.23255813953488,2,0.033331404432613856
50,80,1.3332561773045541,46,28,30.0,1,0.016665702216306928
