{
  "2581": {
    "per_patient": {
      "b": {
        "1h": {
          "r2": -7.186358045785434,
          "mae": 122.82809207428944,
          "rho": -0.005880820134251196,
          "p": 0.21312052911682314,
          "n": 44823
        },
        "2h": {
          "r2": -7.254277165812084,
          "mae": 123.40121868474584,
          "rho": -0.02918430866232795,
          "p": 7.186242910073082e-10,
          "n": 44563
        },
        "4h": {
          "r2": -6.966580371958124,
          "mae": 123.00796009988824,
          "rho": -0.007626539341548674,
          "p": 0.10941576882099585,
          "n": 44060
        }
      },
      "odc-39819048": {
        "1h": {
          "r2": -0.4550770293543931,
          "mae": 39.474384770567546,
          "rho": 0.3815200278346453,
          "p": 3.3760575219924054e-101,
          "n": 2902
        },
        "2h": {
          "r2": -1.0576073779433224,
          "mae": 49.35008368310631,
          "rho": 0.08870421032138026,
          "p": 1.788353615795462e-06,
          "n": 2890
        },
        "4h": {
          "r2": -1.6799774236165064,
          "mae": 55.583496499710456,
          "rho": -0.05832622856375829,
          "p": 0.0017853538909543313,
          "n": 2866
        }
      },
      "odc-49141524": {
        "1h": {
          "r2": -0.8100673743222322,
          "mae": 58.84153860550059,
          "rho": 0.43394093816842194,
          "p": 2.2934807392242687e-54,
          "n": 1158
        },
        "2h": {
          "r2": -1.3828474603042773,
          "mae": 65.0352634140041,
          "rho": 0.2171993865276048,
          "p": 7.864734926025864e-14,
          "n": 1158
        },
        "4h": {
          "r2": -2.061124393114776,
          "mae": 69.36874067803944,
          "rho": 0.10043030944687832,
          "p": 0.0006203703823056703,
          "n": 1158
        }
      },
      "odc-58680324": {
        "1h": {
          "r2": -5.789913341124024,
          "mae": 59.92584032092844,
          "rho": 0.1783097841416638,
          "p": 3.0189872918092167e-12,
          "n": 1509
        },
        "2h": {
          "r2": -6.503906471519329,
          "mae": 61.44915248480857,
          "rho": 0.15074278179791847,
          "p": 5.82516276447614e-09,
          "n": 1477
        },
        "4h": {
          "r2": -7.320792513408826,
          "mae": 62.60808157555063,
          "rho": 0.15048675058915786,
          "p": 1.0262622414387891e-08,
          "n": 1434
        }
      },
      "odc-61403732": {
        "1h": {
          "r2": -1.7532890327100943,
          "mae": 34.499864668178354,
          "rho": 0.4418173383819839,
          "p": 5.807795157929513e-69,
          "n": 1421
        },
        "2h": {
          "r2": -2.4510351197225795,
          "mae": 39.23446343383356,
          "rho": 0.18838476589686778,
          "p": 1.0111701309073882e-12,
          "n": 1409
        },
        "4h": {
          "r2": -3.061664992982916,
          "mae": 44.24363232554081,
          "rho": 0.11209974817943978,
          "p": 2.898772339660626e-05,
          "n": 1385
        }
      },
      "odc-74077367": {
        "1h": {
          "r2": -1.269596040118997,
          "mae": 42.11073236627821,
          "rho": 0.3369063864967439,
          "p": 0.0,
          "n": 59470
        },
        "2h": {
          "r2": -1.4069606108681123,
          "mae": 43.84771039860586,
          "rho": 0.2393688513368154,
          "p": 0.0,
          "n": 59405
        },
        "4h": {
          "r2": -1.8402553443638028,
          "mae": 49.18287678379324,
          "rho": 0.06929722098323125,
          "p": 4.5601414886494996e-64,
          "n": 59330
        }
      },
      "odc-86025410": {
        "1h": {
          "r2": -0.4593860454039276,
          "mae": 58.2575191181873,
          "rho": 0.28863626957912314,
          "p": 0.0,
          "n": 48169
        },
        "2h": {
          "r2": -0.7377641992588644,
          "mae": 64.39337957576606,
          "rho": 0.13680360752748535,
          "p": 3.147507118627182e-199,
          "n": 48004
        },
        "4h": {
          "r2": -0.9302013356562786,
          "mae": 69.87152233129706,
          "rho": 0.0374007433540014,
          "p": 2.7067102265070515e-16,
          "n": 47871
        }
      },
      "odc-96254963": {
        "1h": {
          "r2": -1.2901359616748196,
          "mae": 62.21489981696386,
          "rho": 0.22649737318154456,
          "p": 1.6627553473780807e-282,
          "n": 24498
        },
        "2h": {
          "r2": -1.5313347446949606,
          "mae": 65.51668552762155,
          "rho": 0.10183313217429006,
          "p": 8.398881529242903e-56,
          "n": 23761
        },
        "4h": {
          "r2": -1.7154811089933424,
          "mae": 70.11119223985158,
          "rho": -0.033270493992983166,
          "p": 4.432783988797847e-07,
          "n": 23023
        }
      }
    },
    "horizons": {
      "1h": {
        "mean_r2": -2.3767278588117398,
        "median_r2": -1.2798660008969083,
        "mean_mae": 59.769108967611714,
        "n_patients": 8
      },
      "2h": {
        "mean_r2": -2.790716643765441,
        "median_r2": -1.4691476777815364,
        "mean_mae": 64.02849465031149,
        "n_patients": 8
      },
      "4h": {
        "mean_r2": -3.197009685511821,
        "median_r2": -1.9506898687392893,
        "mean_mae": 67.99718781670893,
        "n_patients": 8
      }
    }
  },
  "2582": {
    "per_patient": {
      "a": {
        "r2": 0.2763647164355516,
        "mae": 47.43718540946438,
        "rho": 0.6808461730027611,
        "n": 43583
      },
      "b": {
        "r2": 0.06226996370004434,
        "mae": 44.972228206554234,
        "rho": 0.5625792979219982,
        "n": 45804
      },
      "c": {
        "r2": 0.1394057778637502,
        "mae": 45.989793792212545,
        "rho": 0.5903797706590973,
        "n": 41900
      },
      "d": {
        "r2": 0.22124584132257497,
        "mae": 27.807950609990282,
        "rho": 0.642961034679761,
        "n": 33590
      },
      "e": {
        "r2": 0.3604341006164764,
        "mae": 34.58730584376507,
        "rho": 0.6811165885675833,
        "n": 39411
      },
      "f": {
        "r2": 0.3789774236894423,
        "mae": 38.659307397766284,
        "rho": 0.6813058934182531,
        "n": 44739
      },
      "g": {
        "r2": 0.16954370981963351,
        "mae": 38.87231352967555,
        "rho": 0.517539196574642,
        "n": 45369
      },
      "h": {
        "r2": -3.489869718524675,
        "mae": 53.150352687157145,
        "rho": 0.29602542225380213,
        "n": 17972
      },
      "i": {
        "r2": 0.5480504780084439,
        "mae": 35.87034011659693,
        "rho": 0.7412298120657583,
        "n": 45203
      },
      "k": {
        "r2": -0.9511338333115313,
        "mae": 13.902332385518537,
        "rho": 0.4349037364250477,
        "n": 31461
      },
      "odc-39819048": {
        "r2": -0.12847515474403148,
        "mae": 35.84376131264117,
        "rho": 0.439883795403873,
        "n": 2902
      },
      "odc-49141524": {
        "r2": -0.021259679701542522,
        "mae": 42.57585211903732,
        "rho": 0.6146762431473399,
        "n": 1158
      },
      "odc-58680324": {
        "r2": -0.5033596389838724,
        "mae": 30.72752183948312,
        "rho": 0.47410368057221414,
        "n": 1509
      },
      "odc-61403732": {
        "r2": -0.5710276075051388,
        "mae": 26.540630472117456,
        "rho": 0.4295759121946413,
        "n": 1421
      },
      "odc-74077367": {
        "r2": 0.3556102685410587,
        "mae": 23.23029579713507,
        "rho": 0.6792826484277524,
        "n": 59231
      },
      "odc-86025410": {
        "r2": 0.2435960800811483,
        "mae": 40.9575502691978,
        "rho": 0.5797541869764525,
        "n": 47396
      },
      "odc-96254963": {
        "r2": 0.2579949140862213,
        "mae": 37.352991065533644,