{
  "experiment": "EXP-2699",
  "title": "Per-Patient ISF Calibration via Deviation Analysis",
  "n_correction_events": 59756,
  "n_patients_calibrated": 21,
  "isf_summary": {
    "mean_setting": 66.3989394051688,
    "mean_calibrated": 5.309671228464556,
    "mean_error": 61.08926817670425,
    "median_ratio": 14.458987187345173,
    "n_overestimated": 20,
    "n_underestimated": 0
  },
  "baseline_drop": {
    "mean": 56.50832630423945,
    "sd": 18.190501982807575
  },
  "deviation_reduction": {
    "mean_pct": 62.459047842168566
  },
  "dose_dependent_isf": {
    "pooled_r": -0.6855432917550163,
    "pooled_p": 0.0,
    "n_sig_patients": 21
  },
  "per_patient": [
    {
      "patient_id": "a",
      "controller": "loop",
      "n_events": 8236,
      "isf_setting": 48.642093658447266,
      "isf_ratio": 15.143195751734893,
      "isf_ols": 3.027398162781891,
      "isf_intercept": -11.427362193923745,
      "baseline_drop": 63.48348785497795,
      "mean_drop": 36.18075636789138,
      "mean_excess_insulin": 2.389241806092766,
      "dev_mean_before": -80.03696733675065,
      "dev_sd_before": 144.61201676659286,
      "dev_sd_ratio": 83.8086370378105,
      "dev_sd_ols": 68.15648315923544,
      "calibration_error": 45.61469549566537,
      "calibration_ratio": 16.06729311540237,
      "dose_dependent_r": -0.6757275895794023,
      "dose_dependent_p": 3.7922191716397354e-157,
      "circadian_range": 19.536120871705663
    },
    {
      "patient_id": "c",
      "controller": "loop",
      "n_events": 3319,
      "isf_setting": 75.0,
      "isf_ratio": 4.938718487287071,
      "isf_ols": -1.9108282227722864,
      "isf_intercept": -12.1054802710365,
      "baseline_drop": 42.57213246592928,
      "mean_drop": 12.335679760249345,
      "mean_excess_insulin": 2.497749120951731,
      "dev_mean_before": -180.69594252833645,
      "dev_sd_before": 191.86278859842136,
      "dev_sd_ratio": 68.90061222938304,
      "dev_sd_ols": 62.96826978374139,
      "calibration_error": 76.91082822277228,
      "calibration_ratio": NaN,
      "dose_dependent_r": -0.6499318978557594,
      "dose_dependent_p": 5.519504429040038e-221,
      "circadian_range": 17.17732787707747
    },
    {
      "patient_id": "d",
      "controller": "loop",
      "n_events": 4480,
      "isf_setting": 40.0,
      "isf_ratio": 6.579157146597367,
      "isf_ols": 1.79105152097098,
      "isf_intercept": -6.4373341834090745,
      "baseline_drop": 46.583931122327634,
      "mean_drop": 23.54574636050633,
      "mean_excess_insulin": 3.5788393309139623,
      "dev_mean_before": -119.60782687605216,
      "dev_sd_before": 131.6112689009626,
      "dev_sd_ratio": 50.09042645436944,
      "dev_sd_ols": 41.841821590215396,
      "calibration_error": 38.20894847902902,
      "calibration_ratio": 22.333249229098033,
      "dose_dependent_r": -0.7632620573006446,
      "dose_dependent_p": 0.0,
      "circadian_range": 20.101901316211165
    },
    {
      "patient_id": "f",
      "controller": "loop",
      "n_events": 5743,
      "isf_setting": 21.0,
      "isf_ratio": 6.5840106504029,
      "isf_ols": 0.590734878242644,
      "isf_intercept": -5.2854474635397235,
      "baseline_drop": 38.965582976400576,
      "mean_drop": 21.614281869735866,
      "mean_excess_insulin": 3.2828443053039726,
      "dev_mean_before": -45.71332437440539,
      "dev_sd_before": 106.20026827857838,
      "dev_sd_ratio": 74.58994679008651,
      "dev_sd_ols": 66.29047416049181,
      "calibration_error": 20.409265121757358,
      "calibration_ratio": 35.54894212861131,
      "dose_dependent_r": -0.7111503092646567,
      "dose_dependent_p": 3.9484605104870814e-190,
      "circadian_range": 8.373905864301257
    },
    {
      "patient_id": "g",
      "controller": "loop",
      "n_events": 4066,
      "isf_setting": 70.0,
      "isf_ratio": 10.274397634477662,
      "isf_ols": 1.2941648509188968,
      "isf_intercept": -13.090138277239124,
      "baseline_drop": 62.439031662842694,
      "mean_drop": 27.457144521928104,
      "mean_excess_insulin": 2.6723848442258573,
      "dev_mean_before": -158.97542317019847,
      "dev_sd_before": 182.95022306847727,
      "dev_sd_ratio": 74.46496466284542,
      "dev_sd_ols": 63.50771143425123,
      "calibration_error": 68.7058351490811,
      "calibration_ratio": 54.0889361585565,
      "dose_dependent_r": -0.7293877269804683,
      "dose_dependent_p": 0.0,
      "circadian_range": 23.176586184725387
    },
    {
      "patient_id": "h",
      "controller": "loop",
      "n_events": 157,
      "isf_setting": 92.0,
      "isf_ratio": 41.000299935656855,
      "isf_ols": 23.980337044022935,
      "isf_intercept": -7.931306164434606,
      "baseline_drop": 73.58311045948577,
      "mean_drop": 61.65605095541401,
      "mean_excess_insulin": 1.503795119844804,
      "dev_mean_before": -76.97271788859001,
      "dev_sd_before": 122.94088351835498,
      "dev_sd_ratio": 75.90643789905207,
      "dev_sd_ols": 63.96564503632221,
      "calibration_error": 68.01966295597707,
      "calibration_ratio": 3.8364765195379467,
      "dose_dependent_r": -0.7342431572014196,
      "dose_dependent_p": 1.344219569149259e-22,
      "circadian_range": 97.36363636363636
    },
    {
      "patient_id": "i",
      "controller": "loop",
      "n_events": 7519,
      "isf_setting": 50.0,
      "isf_ratio": 3.0516635208301697,
      "isf_ols": 0.5572916562501057,
      "isf_intercept": -2.6494612159793327,
      "baseline_drop": 56.00138430362207,
      "mean_drop": 29.97608182328482,
      "mean_excess_insulin": 9.82286599380071,
      "dev_mean_before": -454.2213976245008,
      "dev_sd_before": 455.32005852727053,
      "dev_sd_ratio": 92.61948190667029,
      "dev_sd_ols": 83.12933490703372,
      "calibration_error": 49.44270834374989,
      "calibration_ratio": 89.71962784520967,
      "dose_dependent_r": -0.6897882129067712,
      "dose_dependent_p": 0.0,
      "circadian_range": 18.31563494908123
    },
    {
      "patient_id": "ns-1ccae8a375b9",
      "controller": "trio",
      "n_events": 574,
      "isf_setting": 45.0,
      "isf_ratio": 14.221059276873802,
      "isf_ols": 7.560951605348044,
      "isf_intercept": -3.6808566127401234,
      "baseline_drop": 91.09951737757187,
      "mean_drop": 72.36832329620468,
      "mean_excess_insulin": 5.08881384201032,
      "dev_mean_before": -156.62829959425972,
      "dev_sd_before": 195.95721915005973,
      "dev_sd_ratio": 83.08760106189845,
      "dev_sd_ols": 62.61382376765052,
      "calibration_error": 37.439048394651955,
      "calibration_ratio": 5.9516317983268685,
      "dose_dependent_r": -0.8340867485041206,
      "dose_dependent_p": 9.695749902057231e-138,
      "circadian_range": 20.91130362718681
    },
    {
      "patient_id": "ns-554b16de7133",
      "controller": "trio",
      "n_events": 962,
      "isf_setting": 63.0545654296875,
      "isf_ratio": 15.259625465393663,
      "isf_ols": 7.581284269432504,
      "isf_intercept": -9.4905117705434,
      "baseline_drop": 84.36765267134656,
      "mean_drop": 52.01663202456278,
      "mean_excess_insulin": 3.4087751460563696,
      "dev_mean_before": -182.54975621115835,
      "dev_sd_before": 184.30435501654125,
      "dev_sd_ratio": 65.93003944622015,
      "dev_sd_ols": 51.64082376959643,
      "calibration_error": 55.473281160255,
      "calibration_ratio": 8.31713509067606,
      "dose_dependent_r": -0.8278208889926761,
      "dose_dependent_p": 2.3907352137267368e-216,
      "circadian_range": 8.80149379062572
    },
    {
      "patient_id": "ns-6bef17b4c1ec",
      "controller": "trio",
      "n_events": 2060,
      "isf_setting": 63.0,
      "isf_ratio": 11.606397612011003,
      "isf_ols": 4.656784772561902,
      "isf_intercept": -4.8859356267455505,
      "baseline_drop": 69.8569063543385,
      "mean_drop": 49.16145092121606,
      "mean_excess_insulin": 4.235720036882142,
      "dev_mean_before": -217.68891140235885,