{
  "experiment": "EXP-1821 to EXP-1826",
  "title": "Cumulative Integral Information and Slow State Detection",
  "results": {
    "EXP-1821": {
      "summary_24h_horizon": {
        "1h": {
          "balance": 0.05678370014613638,
          "raw": 0.1311082227026557,
          "delta": -0.07432452255651933
        },
        "3h": {
          "balance": 0.07750711997799381,
          "raw": 0.13525579705842353,
          "delta": -0.05774867708042972
        },
        "6h": {
          "balance": 0.09689772076161222,
          "raw": 0.1555176010836031,
          "delta": -0.05861988032199088
        },
        "12h": {
          "balance": 0.12005404937156072,
          "raw": 0.1996505433192402,
          "delta": -0.07959649394767948
        },
        "1d": {
          "balance": 0.16801302081349345,
          "raw": 0.2449699223033135,
          "delta": -0.07695690148982004
        },
        "2d": {
          "balance": 0.21166309138222592,
          "raw": 0.2883257863736184,
          "delta": -0.07666269499139247
        },
        "3d": {
          "balance": 0.22601883120447086,
          "raw": 0.3002356273490206,
          "delta": -0.07421679614454973
        },
        "7d": {
          "balance": 0.274228714411299,
          "raw": 0.33202273170470753,
          "delta": -0.05779401729340855
        }
      },
      "balance_increases_with_window": true,
      "raw_increases_with_window": true,
      "best_window": "7d",
      "full_mi": {
        "1h": {
          "2h": {
            "balance": 0.12254866207440261,
            "raw": 0.4340809637403949
          },
          "6h": {
            "balance": 0.07742953458572212,
            "raw": 0.1752031264713937
          },
          "24h": {
            "balance": 0.05678370014613638,
            "raw": 0.1311082227026557
          }
        },
        "3h": {
          "2h": {
            "balance": 0.10688613837233793,
            "raw": 0.22007297097897457
          },
          "6h": {
            "balance": 0.08504667348962212,
            "raw": 0.1271382925588007
          },
          "24h": {
            "balance": 0.07750711997799381,
            "raw": 0.13525579705842353
          }
        },
        "6h": {
          "2h": {
            "balance": 0.09674014199240655,
            "raw": 0.13316490727639185
          },
          "6h": {
            "balance": 0.09193742235824635,
            "raw": 0.11995029067890325
          },
          "24h": {
            "balance": 0.09689772076161222,
            "raw": 0.1555176010836031
          }
        },
        "12h": {
          "2h": {
            "balance": 0.08402468964685156,
            "raw": 0.1089080796880395
          },
          "6h": {
            "balance": 0.09978497112835177,
            "raw": 0.12750297533350555
          },
          "24h": {
            "balance": 0.12005404937156072,
            "raw": 0.1996505433192402
          }
        },
        "1d": {
          "2h": {
            "balance": 0.07286285760377474,
            "raw": 0.11662947817939727
          },
          "6h": {
            "balance": 0.10120851761053129,
            "raw": 0.15420524837933988
          },
          "24h": {
            "balance": 0.16801302081349345,
            "raw": 0.2449699223033135
          }
        },
        "2d": {
          "2h": {
            "balance": 0.07712177049169326,
            "raw": 0.11195656430271363
          },
          "6h": {
            "balance": 0.11153404728835166,
            "raw": 0.1573815150911516
          },
          "24h": {
            "balance": 0.21166309138222592,
            "raw": 0.2883257863736184
          }
        },
        "3d": {
          "2h": {
            "balance": 0.0816856411563011,
            "raw": 0.10959914198585131
          },
          "6h": {
            "balance": 0.11670132131248606,
            "raw": 0.16738258792511584
          },
          "24h": {
            "balance": 0.22601883120447086,
            "raw": 0.3002356273490206
          }
        },
        "7d": {
          "2h": {
            "balance": 0.09063851574140715,
            "raw": 0.10706113039981485
          },
          "6h": {
            "balance": 0.13465381288236714,
            "raw": 0.16505560647679032
          },
          "24h": {
            "balance": 0.274228714411299,
            "raw": 0.33202273170470753
          }
        }
      },
      "verdict": "RAW_SUFFICIENT"
    },
    "EXP-1822": {
      "title": "Supply vs Demand Integral Divergence",
      "verdict": "INTEGRAL_REVEALS_MORE",
      "scaling_exponents": {
        "raw_glucose": 0.42,
        "cum_supply": 1.242,
        "cum_demand": 1.359,
        "cum_balance": 1.224
      },
      "key_finding": "Demand integral variance grows faster (H=1.359) than supply (H=1.242). Raw glucose saturates (H=0.42) while integrals keep accumulating. Demand has ~10% more long-timescale variability than supply."
    },
    "EXP-1823": {
      "mi_table": {
        "cum_carb_balance_24h": {
          "6h": 0.1296306583171442,
          "12h": 0.16345603596837022,
          "24h": 0.2195658571170247
        },
        "time_above_range_12h": {
          "6h": 0.09472874555691152,
          "12h": 0.11675454808050928,
          "24h": 0.15134917138986406
        },
        "time_above_range_24h": {
          "6h": 0.11571739811412303,
          "12h": 0.15981655533175987,
          "24h": 0.21982920314972204
        },
        "time_below_range_12h": {
          "6h": 0.09078258577926313,
          "12h": 0.11505589677212602,
          "24h": 0.15145762649083266
        },
        "insulin_load_12h": {
          "6h": 0.07964180068479976,
          "12h": 0.10763895160429747,
          "24h": 0.12266401753128148
        },
        "insulin_load_24h": {
          "6h": 0.10829842121715692,
          "12h": 0.1352569799814269,
          "24h": 0.17728346696553546
        },
        "glucose_volatility_12h": {
          "6h": 0.10027438385312695,
          "12h": 0.1292274110343443,
          "24h": 0.1535367699410505
        },
        "supply_integral_24h": {
          "6h": 0.10174938643416125,
          "12h": 0.13425269984194219,
          "24h": 0.18099724908097017
        },
        "demand_integral_24h": {
          "6h": 0.09277203646628376,
          "12h": 0.1145760405891974,
          "24h": 0.15172124298993148
        },
        "balance_integral_24h": {
          "6h": 0.10120851761053129,
          "12h": 0.12759064676805584,
          "24h": 0.16801302081349345
        },
        "raw_glucose": {
          "6h": 0.2322573224679804,
          "12h": 0.13720084442062397,
          "24h": 0.11907524843130743
        },
        "raw_iob": {
          "6h": 0.10586497413776855,
          "12h": 0.06738851943341059,
          "24h": 0.06198544375683243
        }
      },
      "ranking_24h": [
        [
          "time_above_range_24h",
          0.21982920314972204
        ],
        [
          "cum_carb_balance_24h",
          0.2195658571170247
        ],
        [
          "supply_integral_24h",
          0.18099724908097017
        ],
        [
          "insulin_load_24h",
          0.17728346696553546
        ],
        [
          "balance_integral_24h",
          0.16801302081349345
        ],
        [
          "glucose_volatility_12h",
          0.1535367699410505
        ],
        [
          "demand_integral_24h",
          0.15172124298993148
        ],
        [
          "time_below_range_12h",
          0.15145762649083266
        ],
        [
          "time_above_range_12h",
          0.15134917138986406
        ],
        [
          "insulin_load_12h",
          0.12266401753128148
        ],
        [
          "raw_glucose",
          0.11907524843130743
        ],
        [
          "raw_iob",
          0.06198544375683243
        ]
      ],
      "slow_beats_raw": true,
      "best_slow_feature": "time_above_range_24h",