{
  "experiment": "EXP-1796",
  "title": "Excursion-Type-Specific R\u00b2",
  "n_patients": 11,
  "patients": [
    {
      "name": "a",
      "type_r2": {
        "meal_rise": {
          "n": 3800,
          "r2": -39.850384178744164,
          "rmse": 47.81630893808384,
          "fraction": 0.08305829380778562
        },
        "uam_rise": {
          "n": 3182,
          "r2": -4.100042088311367,
          "rmse": 16.562240408980742,
          "fraction": 0.06955039234115101
        },
        "recovery_rise": {
          "n": 1609,
          "r2": -4.61119021049201,
          "rmse": 13.74975587153284,
          "fraction": 0.03516863019387555
        },
        "other_rise": {
          "n": 10811,
          "r2": -13.049320724755914,
          "rmse": 27.3649330843272,
          "fraction": 0.2363008458831501
        },
        "correction_fall": {
          "n": 838,
          "r2": -16.389507024080704,
          "rmse": 35.58532047219247,
          "fraction": 0.018316539529190618
        },
        "hypo_fall": {
          "n": 1797,
          "r2": -0.4817191763437525,
          "rmse": 7.2871730340276795,
          "fraction": 0.03927782999278704
        },
        "insulin_fall": {
          "n": 9057,
          "r2": -6.372948029479725,
          "rmse": 19.312898463226613,
          "fraction": 0.19796288605713536
        },
        "natural_fall": {
          "n": 10814,
          "r2": -3.279862952048977,
          "rmse": 10.087941272363276,
          "fraction": 0.23636641822036678
        }
      }
    },
    {
      "name": "b",
      "type_r2": {
        "meal_rise": {
          "n": 14482,
          "r2": -1.8434962590268564,
          "rmse": 10.119293457110563,
          "fraction": 0.3119439956919763
        },
        "uam_rise": {
          "n": 3526,
          "r2": -0.41293998317406344,
          "rmse": 6.132621321616501,
          "fraction": 0.0759504577275175
        },
        "recovery_rise": {
          "n": 887,
          "r2": -0.7162550516369213,
          "rmse": 7.25362811585313,
          "fraction": 0.01910608508346796
        },
        "other_rise": {
          "n": 1082,
          "r2": -0.6306577192741956,
          "rmse": 6.439199906149411,
          "fraction": 0.023306408185245018
        },
        "correction_fall": {
          "n": 481,
          "r2": -2.439680763875263,
          "rmse": 8.874415505946782,
          "fraction": 0.010360796984383414
        },
        "hypo_fall": {
          "n": 960,
          "r2": -1.7559475260424722,
          "rmse": 9.769017039373772,
          "fraction": 0.020678513731825526
        },
        "insulin_fall": {
          "n": 116,
          "r2": -103.78146614296212,
          "rmse": 51.739099414770486,
          "fraction": 0.0024986537425955844
        },
        "natural_fall": {
          "n": 20890,
          "r2": -2.194702309383161,
          "rmse": 9.542837827643066,
          "fraction": 0.4499730748519117
        }
      }
    },
    {
      "name": "c",
      "type_r2": {
        "meal_rise": {
          "n": 3046,
          "r2": -50.895568287046345,
          "rmse": 72.54547154159103,
          "fraction": 0.0711266783420899
        },
        "uam_rise": {
          "n": 6122,
          "r2": -1.3252130689582673,
          "rmse": 10.437911209247238,
          "fraction": 0.14295388207822535
        },
        "recovery_rise": {
          "n": 2067,
          "r2": -5.220452568388207,
          "rmse": 15.361650621435771,
          "fraction": 0.0482661996497373
        },
        "other_rise": {
          "n": 6795,
          "r2": -3.7066301966132507,
          "rmse": 17.912554495410678,
          "fraction": 0.1586690017513135
        },
        "correction_fall": {
          "n": 6828,
          "r2": -2.7079810928461043,
          "rmse": 11.62217000299919,
          "fraction": 0.15943957968476358
        },
        "hypo_fall": {
          "n": 2455,
          "r2": -8.623569528184944,
          "rmse": 15.7801953129161,
          "fraction": 0.05732632807939288
        },
        "insulin_fall": {
          "n": 4255,
          "r2": -53.90246911463137,
          "rmse": 56.85037857399859,
          "fraction": 0.09935785172212493
        },
        "natural_fall": {
          "n": 8206,
          "r2": -5.364392986422534,
          "rmse": 11.44749701163411,
          "fraction": 0.19161704611792177
        }
      }
    },
    {
      "name": "d",
      "type_r2": {
        "meal_rise": {
          "n": 4350,
          "r2": -7.320335023947619,
          "rmse": 11.658187075970167,
          "fraction": 0.09613259668508287
        },
        "uam_rise": {
          "n": 7122,
          "r2": -1.149675633872567,
          "rmse": 6.187826802057826,
          "fraction": 0.15739226519337016
        },
        "recovery_rise": {
          "n": 898,
          "r2": -3.1191404330368275,
          "rmse": 12.138575780949418,
          "fraction": 0.019845303867403314
        },
        "other_rise": {
          "n": 7109,
          "r2": -3.8184300581733854,
          "rmse": 11.063447576444352,
          "fraction": 0.1571049723756906
        },
        "correction_fall": {
          "n": 7826,
          "r2": -0.8174421672120304,
          "rmse": 6.793960653898635,
          "fraction": 0.17295027624309392
        },
        "hypo_fall": {
          "n": 894,
          "r2": -1.9373155692338333,
          "rmse": 11.117944984338516,
          "fraction": 0.019756906077348067
        },
        "insulin_fall": {
          "n": 2111,
          "r2": -7.135028134437087,
          "rmse": 13.717931223282214,
          "fraction": 0.04665193370165746
        },
        "natural_fall": {
          "n": 10135,
          "r2": -1.8079995077959374,
          "rmse": 6.827681978060867,
          "fraction": 0.22397790055248618
        }
      }
    },
    {
      "name": "e",
      "type_r2": {
        "meal_rise": {
          "n": 4039,
          "r2": -190.0587490142222,
          "rmse": 74.18845772983389,
          "fraction": 0.09994803395115191
        },
        "uam_rise": {
          "n": 2698,
          "r2": -2.206578347053227,
          "rmse": 9.661946139812823,
          "fraction": 0.06676399990101704
        },
        "recovery_rise": {
          "n": 1197,
          "r2": -47.32259348525843,
          "rmse": 38.87323362690222,
          "fraction": 0.02962064784340897
        },
        "other_rise": {
          "n": 9826,
          "r2": -4.967466722612688,
          "rmse": 13.243839727951006,
          "fraction": 0.24315161713394867
        },
        "correction_fall": {
          "n": 8468,
          "r2": -2.4660669269523825,
          "rmse": 11.025103651029173,
          "fraction": 0.20954690554551977
        },
        "hypo_fall": {
          "n": 1335,
          "r2": -35.11188523202092,
          "rmse": 40.430534546557006,
          "fraction": 0.03303555962485462
        },
        "insulin_fall": {
          "n": 5060,
          "r2": -109.01876048265352,
          "rmse": 55.30237301265328,
          "fraction": 0.12521343198634036
        },
        "natural_fall": {
          "n": 4708,
          "r2": -12.480865909621635,
          "rmse": 14.431741411476953,
          "fraction": 0.11650293236989928
        }
      }
    },
    {
      "name": "f",
      "type_r2": {
        "meal_rise": {
          "n": 3516,
          "r2": -10.517866009182233,
          "rmse": 27.459864471728007,
          "fraction": 0.07636505799053038
        },
        "uam_rise": {
          "n": 4485,
          "r2": -1.4619536763396979,
          "rmse": 8.944216329833681,
          "fraction": 0.09741105946744277
        },
        "recovery_rise": {
          "n": 2280,
          "r2": -4.336320565458478,
          "rmse": 11.031171127462757,
          "fraction": 0.04952000347508796
        },
        "other_rise": {
          "n": 8197,
          "r2": -4.640960595745362,
          "rmse": 15.181033065712942,