{
  "experiment": "EXP-1792",
  "title": "Context-Adaptive Model",
  "n_patients": 11,
  "patients": [
    {
      "name": "a",
      "n_meals": 2438,
      "n_meal_profiles": 2387,
      "r2_uniform_overall": -5.59983114806395,
      "r2_adaptive_overall": -5.115028376073581,
      "r2_improvement": 0.4848027719903696,
      "uniform_by_context": {
        "fasting": {
          "n": 6871,
          "r2": -1.3244010093767065
        },
        "post_meal": {
          "n": 10505,
          "r2": -10.431399317184706
        },
        "correction": {
          "n": 1764,
          "r2": -25.807449253627944
        },
        "hypo_recovery": {
          "n": 3537,
          "r2": -0.7490122118295031
        },
        "exercise_like": {
          "n": 60,
          "r2": -23.289178608685685
        },
        "stable": {
          "n": 23014,
          "r2": -1.272078430471589
        }
      },
      "adaptive_by_context": {
        "fasting": {
          "n": 6871,
          "r2": -1.3244010093767065
        },
        "post_meal": {
          "n": 10505,
          "r2": -12.514306296367913
        },
        "correction": {
          "n": 1764,
          "r2": -9.485488476039171
        },
        "hypo_recovery": {
          "n": 3537,
          "r2": -0.0009098976344290577
        },
        "exercise_like": {
          "n": 60,
          "r2": -23.289178608685685
        },
        "stable": {
          "n": 23014,
          "r2": -1.272078430471589
        }
      }
    },
    {
      "name": "b",
      "n_meals": 1661,
      "n_meal_profiles": 1635,
      "r2_uniform_overall": -0.4849601672017041,
      "r2_adaptive_overall": -0.4460891235299904,
      "r2_improvement": 0.03887104367171368,
      "uniform_by_context": {
        "fasting": {
          "n": 9547,
          "r2": -0.133991166068685
        },
        "post_meal": {
          "n": 31575,
          "r2": -0.5523130553846811
        },
        "correction": {
          "n": 987,
          "r2": -0.35210659812804845
        },
        "hypo_recovery": {
          "n": 1845,
          "r2": -0.6791829894264965
        },
        "exercise_like": {
          "n": 832,
          "r2": -0.7653069794976419
        },
        "stable": {
          "n": 1639,
          "r2": -0.04888514119531506
        }
      },
      "adaptive_by_context": {
        "fasting": {
          "n": 9547,
          "r2": -0.133991166068685
        },
        "post_meal": {
          "n": 31575,
          "r2": -0.5426567070909958
        },
        "correction": {
          "n": 987,
          "r2": -0.11708961272977692
        },
        "hypo_recovery": {
          "n": 1845,
          "r2": -0.0030820247966050207
        },
        "exercise_like": {
          "n": 832,
          "r2": -0.7653069794976419
        },
        "stable": {
          "n": 1639,
          "r2": -0.04888514119531506
        }
      }
    },
    {
      "name": "c",
      "n_meals": 2106,
      "n_meal_profiles": 2036,
      "r2_uniform_overall": -7.618530197820997,
      "r2_adaptive_overall": -6.176522937251385,
      "r2_improvement": 1.4420072605696115,
      "uniform_by_context": {
        "fasting": {
          "n": 11728,
          "r2": -0.15658541006627225
        },
        "post_meal": {
          "n": 7691,
          "r2": -21.91030449619591
        },
        "correction": {
          "n": 14247,
          "r2": -0.8899430382858107
        },
        "hypo_recovery": {
          "n": 4795,
          "r2": -3.1584939577328175
        },
        "exercise_like": {
          "n": 210,
          "r2": -1.1259105933185305
        },
        "stable": {
          "n": 4154,
          "r2": -2.044078186829337
        }
      },
      "adaptive_by_context": {
        "fasting": {
          "n": 11728,
          "r2": -0.15658541006627225
        },
        "post_meal": {
          "n": 7691,
          "r2": -18.634745530466166
        },
        "correction": {
          "n": 14247,
          "r2": -0.40305569351482906
        },
        "hypo_recovery": {
          "n": 4795,
          "r2": -0.0012493859873154989
        },
        "exercise_like": {
          "n": 210,
          "r2": -1.1259105933185305
        },
        "stable": {
          "n": 4154,
          "r2": -2.044078186829337
        }
      }
    },
    {
      "name": "d",
      "n_meals": 1804,
      "n_meal_profiles": 1775,
      "r2_uniform_overall": -0.876055045165343,
      "r2_adaptive_overall": -0.6374480767496564,
      "r2_improvement": 0.23860696841568663,
      "uniform_by_context": {
        "fasting": {
          "n": 16158,
          "r2": -0.11602788806177045
        },
        "post_meal": {
          "n": 7637,
          "r2": -2.9253292691565576
        },
        "correction": {
          "n": 15614,
          "r2": -0.7272501051741478
        },
        "hypo_recovery": {
          "n": 1794,
          "r2": -0.8353440096566733
        },
        "exercise_like": {
          "n": 28,
          "r2": null
        },
        "stable": {
          "n": 4019,
          "r2": -0.24889519807506955
        }
      },
      "adaptive_by_context": {
        "fasting": {
          "n": 16158,
          "r2": -0.11602788806177045
        },
        "post_meal": {
          "n": 7637,
          "r2": -2.857373538266711
        },
        "correction": {
          "n": 15614,
          "r2": -0.31564353447815563
        },
        "hypo_recovery": {
          "n": 1794,
          "r2": -0.002642454661024418
        },
        "exercise_like": {
          "n": 28,
          "r2": null
        },
        "stable": {
          "n": 4019,
          "r2": -0.24889519807506955
        }
      }
    },
    {
      "name": "e",
      "n_meals": 1891,
      "n_meal_profiles": 1854,
      "r2_uniform_overall": -20.023877887090983,
      "r2_adaptive_overall": -14.402353532238127,
      "r2_improvement": 5.6215243548528555,
      "uniform_by_context": {
        "fasting": {
          "n": 5110,
          "r2": -0.6640569826643545
        },
        "post_meal": {
          "n": 7378,
          "r2": -94.58618015084063
        },
        "correction": {
          "n": 18615,
          "r2": -1.204097385591254
        },
        "hypo_recovery": {
          "n": 2508,
          "r2": -21.05198709924366
        },
        "exercise_like": {
          "n": 83,
          "r2": -12.732448683029558
        },
        "stable": {
          "n": 6717,
          "r2": -3.9184715753886943
        }
      },
      "adaptive_by_context": {
        "fasting": {
          "n": 5110,
          "r2": -0.6640569826643545
        },
        "post_meal": {
          "n": 7378,
          "r2": -75.17928725626925
        },
        "correction": {
          "n": 18615,
          "r2": -0.4453527495424474
        },
        "hypo_recovery": {
          "n": 2508,
          "r2": -0.0037269817488769785
        },
        "exercise_like": {
          "n": 83,
          "r2": -12.732448683029558
        },
        "stable": {
          "n": 6717,
          "r2": -3.9184715753886943
        }
      }
    },
    {
      "name": "f",
      "n_meals": 1844,
      "n_meal_profiles": 1798,
      "r2_uniform_overall": -2.5416419391720093,
      "r2_adaptive_overall": -1.965542294758535,
      "r2_improvement": 0.5760996444134743,
      "uniform_by_context": {
        "fasting": {
          "n": 11486,
          "r2": -0.31566308927545506
        },
        "post_meal": {
          "n": 7192,
          "r2": -6.001608175532064
        },
        "correction": {
          "n": 1847,
          "r2": -6.6401167434137305
        },
        "hypo_recovery": {
          "n": 4847,
          "r2": -0.9501250446855141
        },
        "exercise_like": {
          "n": 27,
          "r2": null
        },
        "stable": {
          "n": 20643,
          "r2": -0.11801592511748371
        }
      },
      "adaptive_by_context": {
        "fasting": {
          "n": 11486,