{
  "experiment": "EXP-1795",
  "title": "Fasting-Weighted Therapy Assessment",
  "n_patients": 11,
  "patients": [
    {
      "name": "a",
      "profile_isf": 48.64914,
      "profile_cr": 4.0,
      "context_isf": {
        "fasting": {
          "n": 6871,
          "effective_isf": 13.154832269440458,
          "bias": 3.9940507517059367,
          "mean_glucose": 132.2587884559766
        },
        "post_meal": {
          "n": 10505,
          "effective_isf": 1.187462165962414,
          "bias": 7.17281012301465,
          "mean_glucose": 250.14727945762368
        },
        "correction": {
          "n": 1764,
          "effective_isf": 2.1515302526397218,
          "bias": 22.93357491437366,
          "mean_glucose": 271.7748264753056
        },
        "hypo_recovery": {
          "n": 3537,
          "effective_isf": 16.078824054153987,
          "bias": 3.806862604424961,
          "mean_glucose": 72.22357753542302
        },
        "exercise_like": {
          "n": 60,
          "effective_isf": null,
          "bias": null
        },
        "stable": {
          "n": 23014,
          "effective_isf": 23.64735356610735,
          "bias": 6.21378086973635,
          "mean_glucose": 173.6523404876723
        }
      },
      "fasting_bias": 3.9940507517059367,
      "all_context_bias": 8.824215852651113,
      "isf_mismatch_fasting": 0.2704021544767381,
      "isf_mismatch_all": 0.2311243418005084,
      "isf_consistency_cv": 0.7595358819579582
    },
    {
      "name": "b",
      "profile_isf": 95.0,
      "profile_cr": 12.1,
      "context_isf": {
        "fasting": {
          "n": 9547,
          "effective_isf": 14.209111279017321,
          "bias": -2.1816793918572053,
          "mean_glucose": 161.94194521246425
        },
        "post_meal": {
          "n": 31575,
          "effective_isf": 2.200217822564293,
          "bias": -1.4796090564500268,
          "mean_glucose": 184.12733161224324
        },
        "correction": {
          "n": 987,
          "effective_isf": 2.208839319426511,
          "bias": -1.4744757896541258,
          "mean_glucose": 184.46048632218844
        },
        "hypo_recovery": {
          "n": 1845,
          "effective_isf": null,
          "bias": -1.3210547694988004,
          "mean_glucose": 75.62045360691704
        },
        "exercise_like": {
          "n": 832,
          "effective_isf": null,
          "bias": -5.197412893694913,
          "mean_glucose": 172.8316248855311
        },
        "stable": {
          "n": 1639,
          "effective_isf": 29.102627487183433,
          "bias": -0.4820789488808159,
          "mean_glucose": 181.58100144303495
        }
      },
      "fasting_bias": -2.1816793918572053,
      "all_context_bias": -2.022718475005981,
      "isf_mismatch_fasting": 0.14956959241070863,
      "isf_mismatch_all": 0.125581041863662,
      "isf_consistency_cv": 0.9270294959816384
    },
    {
      "name": "c",
      "profile_isf": 75.0,
      "profile_cr": 4.5,
      "context_isf": {
        "fasting": {
          "n": 11728,
          "effective_isf": 23.28424520413535,
          "bias": -0.34086047361746835,
          "mean_glucose": 119.83495750742335
        },
        "post_meal": {
          "n": 7691,
          "effective_isf": 2.958374097272557,
          "bias": -19.713920696479725,
          "mean_glucose": 224.24691734021982
        },
        "correction": {
          "n": 14247,
          "effective_isf": 22.91130459374766,
          "bias": 1.9984816351319308,
          "mean_glucose": 195.19045312794736
        },
        "hypo_recovery": {
          "n": 4795,
          "effective_isf": 10.61662360289335,
          "bias": -2.3122410292345235,
          "mean_glucose": 70.71614128724406
        },
        "exercise_like": {
          "n": 210,
          "effective_isf": 7.664507038728725,
          "bias": -6.143032462447462,
          "mean_glucose": 116.44285714285714
        },
        "stable": {
          "n": 4154,
          "effective_isf": 15.10121207380537,
          "bias": -6.90874205606057,
          "mean_glucose": 160.08043367343836
        }
      },
      "fasting_bias": -0.34086047361746835,
      "all_context_bias": -5.570052513784636,
      "isf_mismatch_fasting": 0.31045660272180464,
      "isf_mismatch_all": 0.18341392580129556,
      "isf_consistency_cv": 0.5472041846302439
    },
    {
      "name": "d",
      "profile_isf": 40.0,
      "profile_cr": 14.0,
      "context_isf": {
        "fasting": {
          "n": 16158,
          "effective_isf": 11.620779300387069,
          "bias": -1.0323004177843795,
          "mean_glucose": 134.69770651561814
        },
        "post_meal": {
          "n": 7637,
          "effective_isf": 2.0432441743510767,
          "bias": -0.9243590117607063,
          "mean_glucose": 160.23006348367687
        },
        "correction": {
          "n": 15614,
          "effective_isf": 10.490470353233974,
          "bias": 1.4780943432318143,
          "mean_glucose": 160.99843976830726
        },
        "hypo_recovery": {
          "n": 1794,
          "effective_isf": 3.387309015429383,
          "bias": -0.303934278904445,
          "mean_glucose": 77.66472407246064
        },
        "exercise_like": {
          "n": 28,
          "effective_isf": null,
          "bias": null
        },
        "stable": {
          "n": 4019,
          "effective_isf": 8.176632899311173,
          "bias": -0.4726504607522734,
          "mean_glucose": 134.30459961028367
        }
      },
      "fasting_bias": -1.0323004177843795,
      "all_context_bias": -0.251029965193998,
      "isf_mismatch_fasting": 0.29051948250967674,
      "isf_mismatch_all": 0.17859217871356337,
      "isf_consistency_cv": 0.5328112065563758
    },
    {
      "name": "e",
      "profile_isf": 35.5,
      "profile_cr": 3.0,
      "context_isf": {
        "fasting": {
          "n": 5110,
          "effective_isf": 5.000309240549663,
          "bias": -1.238941532796646,
          "mean_glucose": 108.01090067479605
        },
        "post_meal": {
          "n": 7378,
          "effective_isf": 0.17765775886330878,
          "bias": -21.39778859069312,
          "mean_glucose": 167.99276366711507
        },
        "correction": {
          "n": 18615,
          "effective_isf": 1.4629846697791427,
          "bias": 1.5782444763495656,
          "mean_glucose": 187.8835194496589
        },
        "hypo_recovery": {
          "n": 2508,
          "effective_isf": 0.6290177312766745,
          "bias": -5.355547185009292,
          "mean_glucose": 74.88891547049441
        },
        "exercise_like": {
          "n": 83,
          "effective_isf": null,
          "bias": null
        },
        "stable": {
          "n": 6717,
          "effective_isf": 1.238285271169728,
          "bias": -4.790920549402088,
          "mean_glucose": 155.30330508676087
        }
      },
      "fasting_bias": -1.238941532796646,
      "all_context_bias": -6.240990676310316,
      "isf_mismatch_fasting": 0.14085378142393418,
      "isf_mismatch_all": 0.047933829135991646,
      "isf_consistency_cv": 1.0050924626362054
    },
    {
      "name": "f",
      "profile_isf": 21.0,
      "profile_cr": 5.0,
      "context_isf": {
        "fasting": {
          "n": 11486,
          "effective_isf": 8.96921827043736,
          "bias": 0.4720077428741679,
          "mean_glucose": 108.11015145475261
        },
        "post_meal": {
          "n": 7192,
          "effective_isf": 0.2818549378127133,
          "bias": -8.52692783715083,
          "mean_glucose": 218.15064810786137
        },
        "correction": {
          "n": 1847,
          "effective_isf": 0.8346427968634464,
          "bias": 7.724610297487661,
          "mean_glucose": 285.53723001592306
        },
        "hypo_recovery": {
          "n": 4847,
          "effective_isf": 3.0617705382328935,
          "bias": 1.1942667134782243,