{
  "ns-1ccae8a375b9": {
    "n_readings": 39880,
    "median_iob": 0.0,
    "wall_pct": 19.88773364711329,
    "smb_prevented_u": 1459.050000231713,
    "smb_prevented_pct": 29.51958736549877,
    "baseline": {
      "tir": 0.9136910732196589,
      "hypo": 0.04325476429287864,
      "hyper": 0.04305416248746239,
      "severe_hypo": 0.0059679037111334005,
      "n": 39880,
      "mean": 113.41924285888672
    },
    "patience": {
      "tir": 0.915396188565697,
      "hypo": 0.03826479438314945,
      "hyper": 0.04633901705115346,
      "severe_hypo": 0.004914744232698095,
      "n": 39880,
      "mean": 115.05696868896484
    },
    "tir_delta_pp": 0.1705115346038122,
    "hypo_delta_pp": -0.49899699097291916,
    "hyper_delta_pp": 0.328485456369107,
    "delayed_hypo_baseline": 3550,
    "delayed_hypo_patience": 2617
  },
  "ns-554b16de7133": {
    "n_readings": 51839,
    "median_iob": 0.0,
    "wall_pct": 32.75399780096834,
    "smb_prevented_u": 999.900009162724,
    "smb_prevented_pct": 51.21126807491544,
    "baseline": {
      "tir": 0.935646906769035,
      "hypo": 0.02835702849206196,
      "hyper": 0.03599606473890314,
      "severe_hypo": 0.0034529987075367966,
      "n": 51839,
      "mean": 111.66121673583984
    },
    "patience": {
      "tir": 0.9354154208221609,
      "hypo": 0.02571423059858408,
      "hyper": 0.038870348579255004,
      "severe_hypo": 0.00320222226508999,
      "n": 51839,
      "mean": 113.07205200195312
    },
    "tir_delta_pp": -0.023148594687405488,
    "hypo_delta_pp": -0.26427978934778806,
    "hyper_delta_pp": 0.2874283840351863,
    "delayed_hypo_baseline": 2986,
    "delayed_hypo_patience": 2542
  },
  "ns-6bef17b4c1ec": {
    "n_readings": 51742,
    "median_iob": 0.7400000095367432,
    "wall_pct": 24.118441358024693,
    "smb_prevented_u": 1506.9000069573522,
    "smb_prevented_pct": 50.23251022224999,
    "baseline": {
      "tir": 0.8942638475513123,
      "hypo": 0.027888369216497236,
      "hyper": 0.07784778323219048,
      "severe_hypo": 0.0030149588342159176,
      "n": 51742,
      "mean": 124.39030456542969
    },
    "patience": {
      "tir": 0.8913455220130648,
      "hypo": 0.02315333771404275,
      "hyper": 0.08550114027289243,
      "severe_hypo": 0.0021452591704997875,
      "n": 51742,
      "mean": 126.21611022949219
    },
    "tir_delta_pp": -0.2918325538247446,
    "hypo_delta_pp": -0.4735031502454485,
    "hyper_delta_pp": 0.7653357040701956,
    "delayed_hypo_baseline": 2774,
    "delayed_hypo_patience": 2313
  },
  "ns-8b3c1b50793c": {
    "n_readings": 51475,
    "median_iob": 0.0,
    "wall_pct": 41.08138346096719,
    "smb_prevented_u": 1356.299998395145,
    "smb_prevented_pct": 46.8570275142173,
    "baseline": {
      "tir": 0.8954638173870811,
      "hypo": 0.007770762506070908,
      "hyper": 0.09676542010684798,
      "severe_hypo": 0.0015152986886838272,
      "n": 51475,
      "mean": 129.0946807861328
    },
    "patience": {
      "tir": 0.8942399222923749,
      "hypo": 0.007537639630888781,
      "hyper": 0.09822243807673628,
      "severe_hypo": 0.0014764448761534726,
      "n": 51475,
      "mean": 129.3819122314453
    },
    "tir_delta_pp": -0.12238950947062177,
    "hypo_delta_pp": -0.023312287518212696,
    "hyper_delta_pp": 0.14570179698882996,
    "delayed_hypo_baseline": 1378,
    "delayed_hypo_patience": 1297
  },
  "ns-8f3527d1ee40": {
    "n_readings": 51834,
    "median_iob": 0.8769999742507935,
    "wall_pct": 24.64072838101117,
    "smb_prevented_u": 1401.8500054962933,
    "smb_prevented_pct": 49.575623604657615,
    "baseline": {
      "tir": 0.9298915769572096,
      "hypo": 0.034764826175869123,
      "hyper": 0.035343596866921324,
      "severe_hypo": 0.002585175753366516,
      "n": 51834,
      "mean": 111.20796966552734
    },
    "patience": {
      "tir": 0.9319558590886291,
      "hypo": 0.028880657483505035,
      "hyper": 0.03916348342786588,
      "severe_hypo": 0.0019678203495774975,
      "n": 51834,
      "mean": 112.84998321533203
    },
    "tir_delta_pp": 0.20642821314195148,
    "hypo_delta_pp": -0.5884168692364088,
    "hyper_delta_pp": 0.38198865609445565,
    "delayed_hypo_baseline": 5118,
    "delayed_hypo_patience": 4199
  },
  "ns-8ffa739b986b": {
    "n_readings": 51465,
    "median_iob": 0.0,
    "wall_pct": 31.435185185185183,
    "smb_prevented_u": 2416.7500034607947,
    "smb_prevented_pct": 47.94853673611254,
    "baseline": {
      "tir": 0.8929175167589624,
      "hypo": 0.06484018264840183,
      "hyper": 0.04224230059263577,
      "severe_hypo": 0.013601476731759448,
      "n": 51465,
      "mean": 112.7989501953125
    },
    "patience": {
      "tir": 0.8968619450111727,
      "hypo": 0.05341494219372389,
      "hyper": 0.04972311279510347,
      "severe_hypo": 0.010550859807636257,
      "n": 51465,
      "mean": 115.41722869873047
    },
    "tir_delta_pp": 0.3944428252210308,
    "hypo_delta_pp": -1.1425240454677938,
    "hyper_delta_pp": 0.7480812202467699,
    "delayed_hypo_baseline": 6740,
    "delayed_hypo_patience": 4977
  },
  "ns-9b9a6a874e51": {
    "n_readings": 49041,
    "median_iob": 0.9570000171661377,
    "wall_pct": 12.643376413570277,
    "smb_prevented_u": 356.7500057220459,
    "smb_prevented_pct": 25.2468060857368,
    "baseline": {
      "tir": 0.8135437694989907,
      "hypo": 0.03913052343957097,
      "hyper": 0.14732570706143838,
      "severe_hypo": 0.0071776676658306315,
      "n": 49041,
      "mean": 133.29244995117188
    },
    "patience": {
      "tir": 0.8094859403356375,
      "hypo": 0.037825492954874494,
      "hyper": 0.15268856670948797,
      "severe_hypo": 0.0064028058155420975,
      "n": 49041,
      "mean": 134.005615234375
    },
    "tir_delta_pp": -0.4057829163353177,
    "hypo_delta_pp": -0.1305030484696476,
    "hyper_delta_pp": 0.5362859648049584,
    "delayed_hypo_baseline": 2032,
    "delayed_hypo_patience": 1937
  },
  "ns-a9ce2317bead": {
    "n_readings": 51720,
    "median_iob": 0.0,
    "wall_pct": 33.182870370370374,
    "smb_prevented_u": 2149.8500169552863,
    "smb_prevented_pct": 53.68049313035639,
    "baseline": {
      "tir": 0.7093774168600154,
      "hypo": 0.05239752513534416,
      "hyper": 0.23822505800464036,
      "severe_hypo": 0.011330239752513535,
      "n": 51720,
      "mean": 142.4257354736328
    },
    "patience": {
      "tir": 0.7013727764887858,
      "hypo": 0.04883990719257541,
      "hyper": 0.24978731631863882,
      "severe_hypo": 0.010498839907192576,
      "n": 51720,
      "mean": 144.71336364746094
    },
    "tir_delta_pp": -0.800464037122961,
    "hypo_delta_pp": -0.3557617942768751,
    "hyper_delta_pp": 1.156225831399846,
    "delayed_hypo_baseline": 3667,
    "delayed_hypo_patience": 3096
  },
  "ns-adde5f4af7ca": {
    "n_readings": 44186,
    "median_iob": 0.8679999709129333,
    "wall_pct": 28.74997195234142,
    "smb_prevented_u": 1507.1500030048192,
    "smb_prevented_pct": 53.73275537374641,
    "baseline": {
      "tir": 0.8149187525460553,
      "hypo": 0.05046847417734124,
      "hyper": 0.13461277327660345,
      "severe_hypo": 0.010659484904720953,
      "n": 44186,
      "mean": 127.11011505126953
    },
    "patience": {
      "tir": 0.8110713800751369,
      "hypo": 0.0459195220205495,
      "hyper": 0.14300909790431357,
      "severe_hypo": 0.00882632508034219,
      "n": 44186,
      "mean": 128.72174072265625
    },
    "tir_delta_pp": -0.38473724709183754,
    "hypo_delta_pp": -0.4548952156791741,
    "hyper_delta_pp": 0.8396324627710117,
    "delayed_hypo_baseline": 3888,
    "delayed_hypo_patience": 3550
  },
  "ns-c422538aa12a": {
    "n_readings": 51544,
    "median_iob": 0.0,
    "wall_pct": 19.181728747516445,
    "smb_prevented_u": 261.65000404417515,
    "smb_prevented_pct": 40.812664030280956,
    "baseline": {
      "tir": 0.8485565730249883,
      "hypo": 0.08548036628899582,
      "hyper": 0.06596306068601583,
      "severe_hypo": 0.014065652646282787,
      "n": 51544,