{
  "experiment": "EXP-1137",
  "title": "Planning Horizon Decay: AUC vs Forecast Distance",
  "timestamp": "2026-04-08T17:51:56.951660Z",
  "horizons_tested": [
    1,
    2,
    3,
    5,
    7
  ],
  "per_patient": {
    "a": {
      "horizons": {
        "h1d": {
          "auc": 0.5555555555555556,
          "n_samples": 155,
          "bad_rate": 0.8129032258064516
        },
        "h2d": {
          "auc": 0.4722222222222222,
          "n_samples": 154,
          "bad_rate": 0.8116883116883117
        },
        "h3d": {
          "auc": 0.6203703703703703,
          "n_samples": 153,
          "bad_rate": 0.8104575163398693
        },
        "h5d": {
          "auc": 0.42592592592592593,
          "n_samples": 151,
          "bad_rate": 0.8079470198675497
        },
        "h7d": {
          "auc": 0.6826923076923077,
          "n_samples": 150,
          "bad_rate": 0.8066666666666666
        }
      },
      "decay_rate": 0.020797720797720798
    },
    "b": {
      "horizons": {
        "h1d": {
          "auc": 0.5294117647058824,
          "n_samples": 155,
          "bad_rate": 0.6709677419354839
        },
        "h2d": {
          "auc": 0.5252100840336135,
          "n_samples": 154,
          "bad_rate": 0.6753246753246753
        },
        "h3d": {
          "auc": 0.49159663865546216,
          "n_samples": 153,
          "bad_rate": 0.673202614379085
        },
        "h5d": {
          "auc": 0.5126050420168067,
          "n_samples": 151,
          "bad_rate": 0.6688741721854304
        },
        "h7d": {
          "auc": 0.6517857142857143,
          "n_samples": 150,
          "bad_rate": 0.6666666666666666
        }
      },
      "decay_rate": 0.023214285714285708
    },
    "c": {
      "horizons": {
        "h1d": {
          "auc": 0.5,
          "n_samples": 144,
          "bad_rate": 0.8055555555555556
        },
        "h2d": {
          "auc": 0.5583333333333333,
          "n_samples": 143,
          "bad_rate": 0.8041958041958042
        },
        "h3d": {
          "auc": 0.44999999999999996,
          "n_samples": 142,
          "bad_rate": 0.8098591549295775
        },
        "h5d": {
          "auc": 0.4416666666666667,
          "n_samples": 141,
          "bad_rate": 0.8156028368794326
        },
        "h7d": {
          "auc": 0.5043478260869565,
          "n_samples": 140,
          "bad_rate": 0.8142857142857143
        }
      },
      "decay_rate": -0.010797101449275365
    },
    "d": {
      "horizons": {
        "h1d": {
          "auc": 0.6409090909090909,
          "n_samples": 152,
          "bad_rate": 0.34210526315789475
        },
        "h2d": {
          "auc": 0.5590909090909091,
          "n_samples": 151,
          "bad_rate": 0.33774834437086093
        },
        "h3d": {
          "auc": 0.36,
          "n_samples": 150,
          "bad_rate": 0.34
        },
        "h5d": {
          "auc": 0.5549999999999999,
          "n_samples": 148,
          "bad_rate": 0.34459459459459457
        },
        "h7d": {
          "auc": 0.44000000000000006,
          "n_samples": 147,
          "bad_rate": 0.3401360544217687
        }
      },
      "decay_rate": -0.04059090909090908
    },
    "e": {
      "horizons": {
        "h1d": {
          "auc": 0.6098901098901099,
          "n_samples": 134,
          "bad_rate": 0.582089552238806
        },
        "h2d": {
          "auc": 0.6428571428571428,
          "n_samples": 133,
          "bad_rate": 0.5789473684210527
        },
        "h3d": {
          "auc": 0.5659340659340659,
          "n_samples": 132,
          "bad_rate": 0.5833333333333334
        },
        "h5d": {
          "auc": 0.532967032967033,
          "n_samples": 131,
          "bad_rate": 0.5801526717557252
        },
        "h7d": {
          "auc": 0.5029585798816568,
          "n_samples": 129,
          "bad_rate": 0.5736434108527132
        }
      },
      "decay_rate": -0.032375316990701605
    },
    "f": {
      "horizons": {
        "h1d": {
          "auc": 0.5181818181818182,
          "n_samples": 154,
          "bad_rate": 0.5909090909090909
        },
        "h2d": {
          "auc": 0.42727272727272725,
          "n_samples": 153,
          "bad_rate": 0.5882352941176471
        },
        "h3d": {
          "auc": 0.4590909090909091,
          "n_samples": 152,
          "bad_rate": 0.5855263157894737
        },
        "h5d": {
          "auc": 0.345,
          "n_samples": 150,
          "bad_rate": 0.58
        },
        "h7d": {
          "auc": 0.505,
          "n_samples": 149,
          "bad_rate": 0.5771812080536913
        }
      },
      "decay_rate": -0.010863636363636364
    },
    "g": {
      "horizons": {
        "h1d": {
          "auc": 0.4722222222222222,
          "n_samples": 155,
          "bad_rate": 0.7354838709677419
        },
        "h2d": {
          "auc": 0.39814814814814814,
          "n_samples": 154,
          "bad_rate": 0.7337662337662337
        },
        "h3d": {
          "auc": 0.537037037037037,
          "n_samples": 153,
          "bad_rate": 0.7320261437908496
        },
        "h5d": {
          "auc": 0.5185185185185185,
          "n_samples": 151,
          "bad_rate": 0.7284768211920529
        },
        "h7d": {
          "auc": 0.625,
          "n_samples": 150,
          "bad_rate": 0.7333333333333333
        }
      },
      "decay_rate": 0.04259259259259259
    },
    "h": {
      "horizons": {
        "h1d": {
          "auc": 0.4375,
          "n_samples": 49,
          "bad_rate": 0.7755102040816326
        },
        "h2d": {
          "auc": 0.5625,
          "n_samples": 46,
          "bad_rate": 0.7608695652173914
        },
        "h3d": {
          "auc": 0.6428571428571428,
          "n_samples": 44,
          "bad_rate": 0.75
        },
        "h5d": {
          "auc": 0.5,
          "n_samples": 42,
          "bad_rate": 0.7380952380952381
        },
        "h7d": {
          "auc": 0.5833333333333333,
          "n_samples": 40,
          "bad_rate": 0.725
        }
      },
      "decay_rate": 0.02291666666666665
    },
    "i": {
      "horizons": {
        "h1d": {
          "auc": 0.3333333333333333,
          "n_samples": 155,
          "bad_rate": 0.9290322580645162
        },
        "h2d": {
          "auc": 0.6666666666666666,
          "n_samples": 154,
          "bad_rate": 0.9285714285714286
        },
        "h3d": {
          "auc": 0.9666666666666667,
          "n_samples": 153,
          "bad_rate": 0.9281045751633987
        },
        "h5d": {
          "auc": 0.6,
          "n_samples": 151,
          "bad_rate": 0.9271523178807947
        },
        "h7d": {
          "auc": 0.5172413793103449,
          "n_samples": 150,
          "bad_rate": 0.9266666666666666
        }
      },
      "decay_rate": 0.030114942528735644
    },
    "j": {
      "horizons": {
        "h1d": {
          "auc": 0.625,
          "n_samples": 48,
          "bad_rate": 0.4166666666666667
        },
        "h2d": {
          "auc": 0.625,
          "n_samples": 47,
          "bad_rate": 0.40425531914893614
        },
        "h3d": {
          "auc": 0.1875,
          "n_samples": 46,
          "bad_rate": 0.391304347826087
        },
        "h5d": {
          "auc": 0.7857142857142857,
          "n_samples": 44,
          "bad_rate": 0.36363636363636365
        },
        "h7d": {
          "auc": 0.4285714285714286,
          "n_samples": 43,
          "bad_rate": 0.37209302325581395
        }
      },
      "decay_rate": -0.023214285714285708
    },
    "k": {
      "horizons": {
        "h1d": {
          "auc": 0.6916666666666667,
          "n_samples": 153,
          "bad_rate": 0.5490196078431373
        },
        "h2d": {
          "auc": 0.45416666666666666,
          "n_samples": 152,
          "bad_rate": 0.5526315789473685
        },
        "h3d": {
          "auc": 0.5458333333333333,
          "n_samples": 151,