{
  "experiment": "EXP-1133",
  "title": "Settings Drift: Changepoint Detection as Planning Signal",
  "timestamp": "2026-04-08T17:30:38.942191Z",
  "per_patient": {
    "a": {
      "n_changepoints": 11,
      "changepoint_days": [
        8,
        25,
        28,
        35,
        45,
        91,
        98,
        104,
        107,
        124,
        144
      ],
      "without_drift_auc": 0.40740740740740744,
      "with_drift_auc": 0.5462962962962963,
      "auc_improvement": 0.13888888888888884,
      "feature_importance": {
        "rolling_rmsd": 0.1032,
        "dow_sin": 0.0634,
        "yesterday_mean_flux": 0.059,
        "mean_flux_trend": 0.0524,
        "overnight_trend": 0.049,
        "yesterday_supply_integral": 0.0487,
        "glucose_cv_trend": 0.0445,
        "tir_mean": 0.0424,
        "tir_trend": 0.0399,
        "meal_count_std": 0.0389,
        "yesterday_overnight_mean": 0.0382,
        "yesterday_flux_variability": 0.0295,
        "yesterday_glucose_cv": 0.0293,
        "supply_trend": 0.0291,
        "mean_flux_mean": 0.0269,
        "meal_count_mean": 0.0251,
        "rmsd_trend_7d": 0.0241,
        "glucose_cv_std": 0.0233,
        "yesterday_tir": 0.0231,
        "glucose_cv_mean": 0.0231
      },
      "post_cp_bad_rate": 0.8125,
      "non_cp_bad_rate": 0.8153846153846154
    },
    "b": {
      "n_changepoints": 9,
      "changepoint_days": [
        26,
        48,
        60,
        62,
        68,
        79,
        95,
        109,
        157
      ],
      "without_drift_auc": 0.4201680672268907,
      "with_drift_auc": 0.4831932773109244,
      "auc_improvement": 0.06302521008403367,
      "feature_importance": {
        "days_since_cp": 0.0846,
        "tir_mean": 0.0833,
        "mean_flux_std": 0.0808,
        "meal_count_trend": 0.0575,
        "tir_std": 0.0572,
        "yesterday_overnight_min": 0.0564,
        "glucose_cv_trend": 0.0436,
        "bad_days_7": 0.0372,
        "dow_cos": 0.034,
        "tir_trend": 0.0337,
        "yesterday_flux_variability": 0.0329,
        "mean_flux_mean": 0.0317,
        "hypo_events_mean": 0.0279,
        "supply_trend": 0.0266,
        "yesterday_hypo_events": 0.0254,
        "yesterday_glucose_cv": 0.0245,
        "mean_flux_trend": 0.0244,
        "hypo_events_std": 0.0234,
        "meal_count_mean": 0.0229,
        "overnight_trend": 0.022
      },
      "post_cp_bad_rate": 0.7083333333333334,
      "non_cp_bad_rate": 0.6594202898550725
    },
    "c": {
      "n_changepoints": 14,
      "changepoint_days": [
        8,
        9,
        28,
        41,
        57,
        58,
        72,
        94,
        106,
        108,
        109,
        128,
        154,
        156
      ],
      "without_drift_auc": 0.4583333333333333,
      "with_drift_auc": 0.425,
      "auc_improvement": -0.033333333333333326,
      "feature_importance": {
        "yesterday_tbr": 0.1139,
        "supply_trend": 0.0875,
        "yesterday_mean_flux": 0.0767,
        "yesterday_demand_integral": 0.0643,
        "yesterday_hypo_minutes": 0.0557,
        "meal_count_trend": 0.0465,
        "tir_trend": 0.0437,
        "rmsd_trend_7d": 0.0385,
        "glucose_cv_trend": 0.0339,
        "mean_flux_mean": 0.0334,
        "yesterday_supply_integral": 0.0299,
        "yesterday_glucose_cv": 0.029,
        "meal_count_std": 0.0276,
        "mean_flux_trend": 0.0257,
        "yesterday_tar": 0.0248,
        "yesterday_hypo_events": 0.0241,
        "hypo_events_std": 0.0231,
        "tir_std": 0.0227,
        "dow_sin": 0.0212,
        "glucose_cv_std": 0.0201
      },
      "post_cp_bad_rate": 0.8076923076923077,
      "non_cp_bad_rate": 0.8145161290322581
    },
    "d": {
      "n_changepoints": 12,
      "changepoint_days": [
        5,
        6,
        8,
        9,
        16,
        18,
        48,
        49,
        118,
        129,
        138,
        178
      ],
      "without_drift_auc": 0.5636363636363636,
      "with_drift_auc": 0.5818181818181818,
      "auc_improvement": 0.018181818181818188,
      "feature_importance": {
        "supply_trend": 0.1257,
        "overnight_trend": 0.103,
        "mean_flux_trend": 0.0652,
        "mean_flux_mean": 0.0556,
        "tir_trend": 0.054,
        "glucose_cv_trend": 0.0501,
        "yesterday_tbr": 0.0487,
        "mean_flux_std": 0.0456,
        "days_since_cp": 0.0446,
        "hypo_events_trend": 0.0371,
        "yesterday_overnight_mean": 0.0319,
        "yesterday_tar": 0.0257,
        "yesterday_tir": 0.0237,
        "glucose_cv_std": 0.0224,
        "yesterday_mean_glucose": 0.0207,
        "tir_mean": 0.0199,
        "meal_count_std": 0.0197,
        "yesterday_glucose_cv": 0.0178,
        "tir_std": 0.0178,
        "yesterday_daytime_variability": 0.0162
      },
      "post_cp_bad_rate": 0.4,
      "non_cp_bad_rate": 0.3283582089552239
    },
    "e": {
      "n_changepoints": 13,
      "changepoint_days": [
        5,
        7,
        8,
        36,
        37,
        46,
        67,
        68,
        72,
        87,
        119,
        125,
        129
      ],
      "without_drift_auc": 0.6153846153846154,
      "with_drift_auc": 0.6153846153846154,
      "auc_improvement": 0.0,
      "feature_importance": {
        "hypo_events_std": 0.0878,
        "meal_count_trend": 0.0753,
        "supply_trend": 0.0704,
        "glucose_cv_mean": 0.0619,
        "yesterday_glucose_cv": 0.0532,
        "glucose_cv_std": 0.0532,
        "yesterday_flux_variability": 0.0458,
        "yesterday_hypo_minutes": 0.0359,
        "overnight_trend": 0.0314,
        "yesterday_tir": 0.0301,
        "yesterday_overnight_mean": 0.0284,
        "yesterday_overnight_min": 0.027,
        "tir_std": 0.0256,
        "yesterday_mean_flux": 0.0244,
        "yesterday_supply_integral": 0.0241,
        "mean_flux_mean": 0.0238,
        "rmsd_trend_7d": 0.0209,
        "bad_days_7": 0.0199,
        "meal_count_mean": 0.0198,
        "tir_mean": 0.0187
      },
      "post_cp_bad_rate": 0.5925925925925926,
      "non_cp_bad_rate": 0.6052631578947368
    },
    "f": {
      "n_changepoints": 12,
      "changepoint_days": [
        50,
        55,
        79,
        80,
        90,
        98,
        106,
        107,
        121,
        149,
        155,
        156
      ],
      "without_drift_auc": 0.37272727272727274,
      "with_drift_auc": 0.38181818181818183,
      "auc_improvement": 0.009090909090909094,
      "feature_importance": {
        "tir_trend": 0.141,
        "yesterday_flux_variability": 0.0882,
        "meal_count_std": 0.0795,
        "yesterday_mean_flux": 0.0586,
        "meal_count_mean": 0.0565,
        "glucose_cv_std": 0.0492,
        "rmsd_trend_7d": 0.0449,
        "yesterday_glucose_cv": 0.0432,
        "overnight_trend": 0.0383,
        "yesterday_tir": 0.0374,
        "glucose_cv_trend": 0.0355,
        "tir_std": 0.029,
        "yesterday_mean_glucose": 0.0229,
        "yesterday_demand_integral": 0.0199,
        "hypo_events_mean": 0.0198,
        "hypo_events_std": 0.0178,
        "hypo_events_trend": 0.0166,
        "mean_flux_std": 0.0162,
        "rolling_rmsd": 0.0161,
        "dow_sin": 0.0157
      },
      "post_cp_bad_rate": 0.52,
      "non_cp_bad_rate": 0.6148148148148148
    },
    "g": {
      "n_changepoints": 16,
      "changepoint_days": [
        5,
        58,
        59,
        62,
        66,
        104,
        124,
        125,
        134,
        135,
        136,
        137,
        159,
        161,
        177,
        179
      ],
      "without_drift_auc": 0.5462962962962963,
      "with_drift_auc": 0.5648148148148149,
      "auc_improvement": 0.0185185185185186,
      "feature_importance": {
        "tir_trend": 0.12,
        "yesterday_tir": 0.0885,
        "supply_trend": 0.0681,
        "mean_flux_trend": 0.0673,
        "mean_flux_std": 0.0511,
        "yesterday_tar": 0.0431,
        "mean_flux_mean": 0.0423,
        "meal_count_mean": 0.0336,