{
  "ns-1ccae8a375b9": {
    "n_high_iob": 3720,
    "iob_median": 1.7899999618530273,
    "high_iob_threshold": 3.5799999237060547,
    "scheduled_isf": 45.0,
    "scheduled_basal": 0.800000011920929,
    "mean_actual_rate": -8.811290322580644,
    "mean_linear_predicted": -46.501897837365824,
    "actual_to_predicted_ratio": 0.26845765135543503,
    "linear_rmse": 115.67068588555775,
    "ceiling_65_rmse": 113.77388065170791,
    "ceiling_improvement_pct": 1.639832269799535,
    "fitted_ceiling": 0.3442602344988132,
    "fitted_base_egp": 57.47801393073428,
    "fitted_rmse": 109.3577874611677,
    "n_sticky_hypers": 320,
    "pct_sticky": 0.08602150537634409,
    "mean_iob_sticky": 8.61850626245141,
    "mean_iob_all_high": 6.2002530449821105
  },
  "ns-554b16de7133": {
    "n_high_iob": 6041,
    "iob_median": 0.9079999923706055,
    "high_iob_threshold": 1.815999984741211,
    "scheduled_isf": 81.07015228271484,
    "scheduled_basal": 0.5,
    "mean_actual_rate": 4.7621254809663265,
    "mean_linear_predicted": -44.59822831433692,
    "actual_to_predicted_ratio": 0.0,
    "linear_rmse": 106.80415157793033,
    "ceiling_65_rmse": 103.8694848560408,
    "ceiling_improvement_pct": 2.7477084725009315,
    "fitted_ceiling": 0.3,
    "fitted_base_egp": 60.0,
    "fitted_rmse": 94.99924776268517,
    "n_sticky_hypers": 627,
    "pct_sticky": 0.10379076311868896,
    "mean_iob_sticky": 3.752699895528705,
    "mean_iob_all_high": 3.300713793565611
  },
  "ns-6bef17b4c1ec": {
    "n_high_iob": 8240,
    "iob_median": 1.1979999542236328,
    "high_iob_threshold": 2.3959999084472656,
    "scheduled_isf": 63.0,
    "scheduled_basal": 0.550000011920929,
    "mean_actual_rate": 2.430220922480509,
    "mean_linear_predicted": -39.09620684603754,
    "actual_to_predicted_ratio": 0.0,
    "linear_rmse": 93.37196138046957,
    "ceiling_65_rmse": 90.70030785029246,
    "ceiling_improvement_pct": 2.8613017127173013,
    "fitted_ceiling": 0.3065058232930647,
    "fitted_base_egp": 59.879992526943276,
    "fitted_rmse": 83.62941449527169,
    "n_sticky_hypers": 1407,
    "pct_sticky": 0.170752427184466,
    "mean_iob_sticky": 4.031141850485731,
    "mean_iob_all_high": 3.723448271051194
  },
  "ns-8b3c1b50793c": {
    "n_high_iob": 6978,
    "iob_median": 3.0160000324249268,
    "high_iob_threshold": 6.0320000648498535,
    "scheduled_isf": 11.0,
    "scheduled_basal": 2.25,
    "mean_actual_rate": 2.4904645344151164,
    "mean_linear_predicted": -19.969569674157317,
    "actual_to_predicted_ratio": 0.0,
    "linear_rmse": 84.09594712678064,
    "ceiling_65_rmse": 82.63668611532212,
    "ceiling_improvement_pct": 1.7352334581101525,
    "fitted_ceiling": 0.43765452424794987,
    "fitted_base_egp": 39.939919310249316,
    "fitted_rmse": 81.04119437977234,
    "n_sticky_hypers": 973,
    "pct_sticky": 0.13943823445113213,
    "mean_iob_sticky": 12.493335807678756,
    "mean_iob_all_high": 10.892492549540355
  },
  "ns-8f3527d1ee40": {
    "n_high_iob": 12049,
    "iob_median": 1.4110000133514404,
    "high_iob_threshold": 2.822000026702881,
    "scheduled_isf": 62.0,
    "scheduled_basal": 1.0499999523162842,
    "mean_actual_rate": -2.374802889393735,
    "mean_linear_predicted": -53.05979869917563,
    "actual_to_predicted_ratio": 0.12030979582728073,
    "linear_rmse": 121.46782444556275,
    "ceiling_65_rmse": 118.97367040349731,
    "ceiling_improvement_pct": 2.053345446376398,
    "fitted_ceiling": 0.3,
    "fitted_base_egp": 60.0,
    "fitted_rmse": 110.72891549869153,
    "n_sticky_hypers": 787,
    "pct_sticky": 0.06531662378620633,
    "mean_iob_sticky": 5.876612237023883,
    "mean_iob_all_high": 5.13481922895248
  },
  "ns-8ffa739b986b": {
    "n_high_iob": 4570,
    "iob_median": 1.3009999990463257,
    "high_iob_threshold": 2.6019999980926514,
    "scheduled_isf": 55.0,
    "scheduled_basal": 1.4249999523162842,
    "mean_actual_rate": -15.840416898638727,
    "mean_linear_predicted": -38.922699269371954,
    "actual_to_predicted_ratio": 0.35774358078145646,
    "linear_rmse": 106.11569717495696,
    "ceiling_65_rmse": 104.91259362478796,
    "ceiling_improvement_pct": 1.133765863296743,
    "fitted_ceiling": 0.4242488983453485,
    "fitted_base_egp": 40.09068711441371,
    "fitted_rmse": 103.5748493963932,
    "n_sticky_hypers": 645,
    "pct_sticky": 0.14113785557986872,
    "mean_iob_sticky": 5.242458215979642,
    "mean_iob_all_high": 4.246112647567849
  },
  "ns-9b9a6a874e51": {
    "n_high_iob": 6849,
    "iob_median": 1.121999979019165,
    "high_iob_threshold": 2.24399995803833,
    "scheduled_isf": 100.0,
    "scheduled_basal": 0.3499999940395355,
    "mean_actual_rate": -26.504187744278894,
    "mean_linear_predicted": -50.38262094413764,
    "actual_to_predicted_ratio": 0.4114285714285714,
    "linear_rmse": 151.76029845433476,
    "ceiling_65_rmse": 150.8468872300753,
    "ceiling_improvement_pct": 0.6018775882509875,
    "fitted_ceiling": 0.42088738420444716,
    "fitted_base_egp": 41.23271161855618,
    "fitted_rmse": 149.8699723589456,
    "n_sticky_hypers": 1629,
    "pct_sticky": 0.2378449408672799,
    "mean_iob_sticky": 3.107123014896175,
    "mean_iob_all_high": 3.022957256648258
  },
  "ns-a9ce2317bead": {
    "n_high_iob": 4930,
    "iob_median": 2.810900092124939,
    "high_iob_threshold": 5.621800184249878,
    "scheduled_isf": 55.0,
    "scheduled_basal": 0.8500000238418579,
    "mean_actual_rate": -4.9167342873422415,
    "mean_linear_predicted": -73.1100706544738,
    "actual_to_predicted_ratio": 0.0,
    "linear_rmse": 149.89484226388169,
    "ceiling_65_rmse": 147.13571184144288,
    "ceiling_improvement_pct": 1.8407107147699553,
    "fitted_ceiling": 0.3,
    "fitted_base_egp": 60.0,
    "fitted_rmse": 136.0302300316916,
    "n_sticky_hypers": 1619,
    "pct_sticky": 0.3283975659229209,
    "mean_iob_sticky": 8.315221888404926,
    "mean_iob_all_high": 7.975644071397143
  },
  "ns-adde5f4af7ca": {
    "n_high_iob": 8271,
    "iob_median": 2.260999917984009,
    "high_iob_threshold": 4.521999835968018,
    "scheduled_isf": 50.44365310668945,
    "scheduled_basal": 0.8500000238418579,
    "mean_actual_rate": 5.168482558382219,
    "mean_linear_predicted": -57.03563658746963,
    "actual_to_predicted_ratio": 0.0,
    "linear_rmse": 121.02810094586961,
    "ceiling_65_rmse": 117.91403358941577,
    "ceiling_improvement_pct": 2.5730118312329964,
    "fitted_ceiling": 0.3,
    "fitted_base_egp": 60.0,
    "fitted_rmse": 105.76698544589443,
    "n_sticky_hypers": 1885,
    "pct_sticky": 0.22790472736065773,
    "mean_iob_sticky": 6.843839561654655,
    "mean_iob_all_high": 6.7840808198610825
  },
  "ns-c422538aa12a": {
    "n_high_iob": 3673,
    "iob_median": 1.065999984741211,
    "high_iob_threshold": 2.131999969482422,
    "scheduled_isf": 131.51380920410156,
    "scheduled_basal": 0.6000000238418579,
    "mean_actual_rate": -9.40590528068314,
    "mean_linear_predicted": -85.19392891946076,
    "actual_to_predicted_ratio": 0.1277645379354156,
    "linear_rmse": 137.45394750438064,
    "ceiling_65_rmse": 133.91526851530207,
    "ceiling_improvement_pct": 2.5744469717508767,
    "fitted_ceiling": 0.3,
    "fitted_base_egp": 60.0,
    "fitted_rmse": 119.54661726238726,
    "n_sticky_hypers": 532,
    "pct_sticky": 0.14484072964878847,
    "mean_iob_sticky": 4.519936272524353,
    "mean_iob_all_high": 3.886767303070579
  },
  "ns-d444c120c23a": {
    "n_high_iob": 2352,
    "iob_median": 1.8969999551773071,
    "high_iob_threshold": 3.7939999103546143,
    "scheduled_isf": 50.0,
    "scheduled_basal": 0.949999988079071,
    "mean_actual_rate": -14.913265304906028,
    "mean_linear_predicted": -50.80406679824637,
    "actual_to_predicted_ratio": 0.3015233267086273,
    "linear_rmse": 126.46939894809213,
    "ceiling_65_rmse": 124.82778044760548,
    "ceiling_improvement_pct": 1.2980361369159699,
    "fitted_ceiling": 0.3606433639874932,
    "fitted_base_egp": 56.1355147510296,
    "fitted_rmse": 121.26977875172581,