{
  "experiment": "EXP-059",
  "timestamp": "2026-04-02T01:50:31Z",
  "hypothesis": "conformal 90% coverage 87\u201393%",
  "coverage": {
    "50pct": {
      "target": 0.5,
      "actual": 0.4838112858464385,
      "gap": -0.01618871415356149,
      "threshold_mgdl": 18.414961185961282
    },
    "80pct": {
      "target": 0.8,
      "actual": 0.8023435090965155,
      "gap": 0.0023435090965154837,
      "threshold_mgdl": 34.707411194788975
    },
    "90pct": {
      "target": 0.9,
      "actual": 0.906567992599445,
      "gap": 0.006567992599444961,
      "threshold_mgdl": 48.041113323138724
    },
    "95pct": {
      "target": 0.95,
      "actual": 0.9555966697502313,
      "gap": 0.00559666975023132,
      "threshold_mgdl": 61.11618407082965
    }
  },
  "gap_90": 0.006567992599444961,
  "n_calibration": 3242,
  "n_test": 3243,
  "success": true,
  "elapsed_seconds": 47.3
}