{
  "experiment": "EXP-063",
  "timestamp": "2026-04-02T02:24:54Z",
  "hypothesis": "150ep + selective FT MAE < 11.0",
  "patients": {
    "a": {
      "mae": 12.162056922912598,
      "used_ft": true,
      "gen_mse": 0.0024173924466595054,
      "ft_mse": 0.0022414425329770893
    },
    "b": {
      "mae": 16.55434799194336,
      "used_ft": false,
      "gen_mse": 0.003507334738969803,
      "ft_mse": 0.0035743096959777176
    },
    "c": {
      "mae": 10.532547950744629,
      "used_ft": true,
      "gen_mse": 0.001932156999828294,
      "ft_mse": 0.0017919227490589644
    },
    "d": {
      "mae": 8.101705551147461,
      "used_ft": true,
      "gen_mse": 0.001253992333658971,
      "ft_mse": 0.0010689776342284556
    },
    "e": {
      "mae": 9.707600593566895,
      "used_ft": true,
      "gen_mse": 0.001434731418901885,
      "ft_mse": 0.0013252628480338237
    },
    "f": {
      "mae": 10.280815124511719,
      "used_ft": true,
      "gen_mse": 0.0017835374746937305,
      "ft_mse": 0.0017361020776055132
    },
    "g": {
      "mae": 9.476880073547363,
      "used_ft": true,
      "gen_mse": 0.0013298477036490415,
      "ft_mse": 0.0012161794535738106
    },
    "h": {
      "mae": 10.891200065612793,
      "used_ft": true,
      "gen_mse": 0.001999855600297451,
      "ft_mse": 0.0018351086415350436
    },
    "i": {
      "mae": 9.457388877868652,
      "used_ft": true,
      "gen_mse": 0.0015375294945746039,
      "ft_mse": 0.0014157375456610073
    },
    "j": {
      "mae": 15.7169189453125,
      "used_ft": false,
      "gen_mse": 0.0026277563069015742,
      "ft_mse": 0.0026826752349734307
    }
  },
  "mean_mae": 11.288146209716796,
  "ft_rate": 0.8,
  "success": false,
  "elapsed_seconds": 110.0
}