{
  "experiment": "EXP-090",
  "name": "hypo-ensemble",
  "results": {
    "or": {
      "recall": 0.9075907590759076,
      "precision": 0.24830699774266365,
      "f1": 0.38993264799716415
    },
    "average": {
      "recall": 0.8448844884488449,
      "precision": 0.3533471359558316,
      "f1": 0.4982968369829684
    },
    "weighted": {
      "recall": 0.8745874587458746,
      "precision": 0.3194695599758891,
      "f1": 0.46799116997792495
    },
    "xgb_only": {
      "recall": 0.905940594059406,
      "precision": 0.2484162895927602,
      "f1": 0.3899147727272727
    },
    "forecast_only": {
      "recall": 0.5198019801980198,
      "precision": 0.863013698630137,
      "f1": 0.6488156539649845
    }
  }
}