{
  "experiment": "EXP-094",
  "name": "forecast-quantile",
  "results": {
    "p50_mae": 12.128689765930176,
    "coverage": 0.45150346954510406,
    "avg_interval_width": 37.252037048339844,
    "hypo_precision": 0.4995215311004785,
    "hypo_recall": 0.8613861386138614,
    "hypo_f1": 0.6323440339188371
  }
}