{
  "experiment": "EXP-078",
  "timestamp": "2026-04-02T03:05:31Z",
  "hypothesis": "streaming conformal tighter than global",
  "global_threshold_mgdl": 62.40562896728517,
  "global_coverage": 0.906984906984907,
  "n_calibration": 3638,
  "n_test": 2849,
  "streaming": {
    "N=50": {
      "mean_coverage": 0.8848718848718848,
      "mean_threshold": 59.81892373596171,
      "std_threshold": 8.26292219584112,
      "min_threshold": 39.20113220214845,
      "max_threshold": 83.74611206054689,
      "n_eval": 2849
    },
    "N=100": {
      "mean_coverage": 0.8897858897858898,
      "mean_threshold": 60.30147579778243,
      "std_threshold": 6.114508977106621,
      "min_threshold": 42.83645935058594,
      "max_threshold": 77.76788177490235,
      "n_eval": 2849
    },
    "N=200": {
      "mean_coverage": 0.8932958932958933,
      "mean_threshold": 60.49818143352536,
      "std_threshold": 4.391427561275286,
      "min_threshold": 48.55865173339843,
      "max_threshold": 75.77112503051758,
      "n_eval": 2849
    },
    "N=500": {
      "mean_coverage": 0.8936468936468936,
      "mean_threshold": 60.23136991994262,
      "std_threshold": 1.989882819641565,
      "min_threshold": 56.51361770629883,
      "max_threshold": 64.46651535034184,
      "n_eval": 2849
    }
  },
  "best_streaming": "N=50",
  "best_tightening_mgdl": 2.5867052313234566,
  "success": true,
  "elapsed_seconds": 383.1
}