{
  "experiment": "EXP-091",
  "name": "planning-horizon-sweep",
  "results": {
    "10min": {
      "hypo": {
        "precision": 0.0,
        "n": 0
      },
      "hyper": {
        "precision": 0.9906103286384976,
        "n": 639
      },
      "correction": {
        "precision": 0.9814990512333965,
        "n": 2108
      }
    },
    "15min": {
      "hypo": {
        "precision": 0.0,
        "n": 0
      },
      "hyper": {
        "precision": 0.9923780487804879,
        "n": 656
      },
      "correction": {
        "precision": 0.9824646858256211,
        "n": 2053
      }
    },
    "20min": {
      "hypo": {
        "precision": 0.0,
        "n": 0
      },
      "hyper": {
        "precision": 0.9897209985315712,
        "n": 681
      },
      "correction": {
        "precision": 0.97534516765286,
        "n": 2028
      }
    },
    "30min": {
      "hypo": {
        "precision": 0.0,
        "n": 0
      },
      "hyper": {
        "precision": 0.9809402795425667,
        "n": 787
      },
      "correction": {
        "precision": 0.9720588235294118,
        "n": 2040
      }
    },
    "45min": {
      "hypo": {
        "precision": 0.9444444444444444,
        "n": 18
      },
      "hyper": {
        "precision": 0.9746251441753172,
        "n": 867
      },
      "correction": {
        "precision": 0.9650145772594753,
        "n": 2058
      }
    },
    "60min": {
      "hypo": {
        "precision": 1.0,
        "n": 40
      },
      "hyper": {
        "precision": 0.9786780383795309,
        "n": 938
      },
      "correction": {
        "precision": 0.9550507491541808,
        "n": 2069
      }
    }
  }
}