{
  "experiment": "EXP-097",
  "name": "action-value",
  "results": {
    "mean_bolus_effect": -2.695639503002167,
    "mean_carb_effect": 11.192583158612251,
    "isf_estimate": 2.695639503002167,
    "bolus_outcome_corr": -0.26530833459621855,
    "carb_outcome_corr": 0.015075791222403406,
    "dose_sweep": {
      "0.5U": -2.8930187225341797,
      "1.0U": -5.551624298095703,
      "2.0U": -10.99611520767212,
      "3.0U": -16.694438457489014,
      "5.0U": -25.66671371459961
    }
  }
}