{
  "experiment": "EXP-081",
  "timestamp": "2026-04-02T03:33:48Z",
  "hypothesis": "asymmetric loss improves hypo detection >40%",
  "standard": {
    "mae": 19.32314676471922,
    "hypo_detect": 0.16006600660066006,
    "hypo_total": 606,
    "hypo_fa_rate": 0.0018710665079095085,
    "hyper_detect": 0.8827688872348344,
    "hyper_total": 2687
  },
  "asymmetric": {
    "mae": 13.015300746476917,
    "hypo_detect": 0.38613861386138615,
    "hypo_total": 606,
    "hypo_fa_rate": 0.0023813573737030106,
    "hyper_detect": 0.9050986229996278,
    "hyper_total": 2687
  },
  "hypo_detect_improvement": 0.2260726072607261,
  "mae_increase_pct": -32.64398958951839,
  "success": false,
  "elapsed_seconds": 838.1
}