{
  "experiment": "EXP-089",
  "name": "conformal-chained",
  "results": {
    "1hr": {
      "mae": 18.666048049926758,
      "coverage": 0.7112447940768163,
      "n": 2161
    },
    "2hr": {
      "mae": 72.32354736328125,
      "coverage": 0.2878297084683017,
      "n": 2161
    },
    "3hr": {
      "mae": 72.88500213623047,
      "coverage": 0.35863026376677465,
      "n": 2161
    }
  }
}