{
  "experiment": "EXP-073",
  "timestamp": "2026-04-02T02:34:19Z",
  "hypothesis": "typed recommendations >70% actionable",
  "total": 2849,
  "actionable": 795,
  "actionable_correct": 696,
  "actionable_precision": 0.8754716981132076,
  "overall_accuracy": 0.7599157599157599,
  "by_action": {
    "no_action": {
      "total": 2054,
      "correct": 1469,
      "precision": 0.7151898734177216
    },
    "correction_bolus": {
      "total": 355,
      "correct": 333,
      "precision": 0.9380281690140845
    },
    "eat_carbs": {
      "total": 222,
      "correct": 178,
      "precision": 0.8018018018018018
    },
    "prebolus": {
      "total": 154,
      "correct": 136,
      "precision": 0.8831168831168831
    },
    "reduce_basal": {
      "total": 8,
      "correct": 5,
      "precision": 0.625
    },
    "eat_fast_carbs": {
      "total": 56,
      "correct": 44,
      "precision": 0.7857142857142857
    }
  },
  "success": true,
  "elapsed_seconds": 21.0
}