{
  "experiment": "EXP-093",
  "name": "direct-multihour",
  "results": {
    "1hr": {
      "mae": 12.090072631835938,
      "window_size": 24
    },
    "2hr": {
      "mae": 16.979507446289062,
      "window_size": 48
    },
    "3hr": {
      "mae": 19.525346755981445,
      "window_size": 72
    },
    "persistence_1hr": 50.468997955322266
  }
}