{
  "experiment": "EXP-069",
  "timestamp": "2026-04-02T02:48:20Z",
  "hypothesis": "all-features F1 > 0.75",
  "f1_macro": 0.5751430009478473,
  "per_class": {
    "correction_bolus": 0.731946851530907,
    "eating_soon": 0.12371134020618557,
    "hyper_risk": 0.6753864447086801,
    "hypo_risk": 0.6581096849474912,
    "meal_bolus": 0.411864406779661,
    "normal": 0.8498392775141589
  },
  "top_features": {
    "fc_mean": 0.07312346994876862,
    "fc_below_70": 0.06536004692316055,
    "fc_max": 0.0590653158724308,
    "h_last": 0.05779968947172165,
    "fc_min": 0.047731392085552216,
    "carbs_sum": 0.04334729164838791,
    "fc_slope": 0.039440516382455826,
    "fc_above_180": 0.03840000182390213,
    "bolus_sum": 0.03452217951416969,
    "bolus_recent": 0.032628003507852554
  },
  "n_features": 40,
  "success": false,
  "elapsed_seconds": 58.0
}