{
  "experiment": "EXP-010b",
  "timestamp": "2026-04-02T19:28:16Z",
  "patient": {
    "isf": 48.64914,
    "cr": 4.0
  },
  "horizons": {
    "12": {
      "window_steps": 12,
      "window_minutes": 60,
      "history_steps": 6,
      "forecast_steps": 6,
      "samples": {
        "train": 6064,
        "val": 1516
      },
      "residual_stats": {
        "mean": -2.71485032163432,
        "std": 45.41476540307446,
        "min": -426.0877578344662,
        "max": 390.9798555066809,
        "p5": -60.401343809813255,
        "p95": 50.61135641951115,
        "scale": 200.0,
        "level": "enhanced"
      },
      "physics_only": {
        "mae_mgdl": 21.89,
        "rmse_mgdl": 45.5
      },
      "persistence": {
        "mae_mgdl": 26.92,
        "rmse_mgdl": 39.46
      },
      "ae": {
        "reconstruction": {
          "mae_mgdl": 0.21,
          "rmse_mgdl": 0.29
        },
        "future_only": {
          "mae_mgdl": 0.77,
          "rmse_mgdl": 0.89,
          "history_steps": 6,
          "future_steps": 6,
          "per_horizon": {
            "5min": 0.89,
            "10min": 0.73,
            "15min": 0.54,
            "20min": 0.78,
            "25min": 1.2,
            "30min": 0.5
          }
        }
      },
      "grouped": {
        "reconstruction": {
          "mae_mgdl": 0.29,
          "rmse_mgdl": 0.39
        },
        "future_only": {
          "mae_mgdl": 0.85,
          "rmse_mgdl": 1.04,
          "history_steps": 6,
          "future_steps": 6,
          "per_horizon": {
            "5min": 1.31,
            "10min": 1.0,
            "15min": 0.56,
            "20min": 0.71,
            "25min": 1.07,
            "30min": 0.42
          }
        }
      }
    },
    "24": {
      "window_steps": 24,
      "window_minutes": 120,
      "history_steps": 12,
      "forecast_steps": 12,
      "samples": {
        "train": 3004,
        "val": 751
      },
      "residual_stats": {
        "mean": -5.991862663118388,
        "std": 62.89582582419978,
        "min": -451.15962342731655,
        "max": 408.58074066322297,
        "p5": -97.2264700936852,
        "p95": 74.62241009995341,
        "scale": 200.0,
        "level": "enhanced"
      },
      "physics_only": {
        "mae_mgdl": 33.94,
        "rmse_mgdl": 63.18
      },
      "persistence": {
        "mae_mgdl": 40.91,
        "rmse_mgdl": 58.94
      },
      "ae": {
        "reconstruction": {
          "mae_mgdl": 0.73,
          "rmse_mgdl": 1.04
        },
        "future_only": {
          "mae_mgdl": 4.38,
          "rmse_mgdl": 5.76,
          "history_steps": 12,
          "future_steps": 12,
          "per_horizon": {
            "5min": 11.35,
            "10min": 8.71,
            "15min": 7.84,
            "20min": 6.83,
            "25min": 4.8,
            "30min": 2.52,
            "35min": 2.02,
            "40min": 1.88,
            "45min": 1.54,
            "50min": 1.28,
            "55min": 1.74,
            "60min": 2.09
          }
        }
      },
      "grouped": {
        "reconstruction": {
          "mae_mgdl": 0.43,
          "rmse_mgdl": 0.61
        },
        "future_only": {
          "mae_mgdl": 1.73,
          "rmse_mgdl": 2.17,
          "history_steps": 12,
          "future_steps": 12,
          "per_horizon": {
            "5min": 1.18,
            "10min": 1.17,
            "15min": 1.47,
            "20min": 2.55,
            "25min": 3.28,
            "30min": 3.12,
            "35min": 2.0,
            "40min": 1.21,
            "45min": 1.33,
            "50min": 1.41,
            "55min": 1.08,
            "60min": 0.91
          }
        }
      }
    },
    "36": {
      "window_steps": 36,
      "window_minutes": 180,
      "history_steps": 18,
      "forecast_steps": 18,
      "samples": {
        "train": 2000,
        "val": 500
      },
      "residual_stats": {
        "mean": -10.133390285834283,
        "std": 73.54764803912366,
        "min": -486.0062910178676,
        "max": 546.4385154088959,
        "p5": -125.15306838715914,
        "p95": 86.00588751574972,
        "scale": 200.0,
        "level": "enhanced"
      },
      "physics_only": {
        "mae_mgdl": 42.06,
        "rmse_mgdl": 74.24
      },
      "persistence": {
        "mae_mgdl": 54.31,
        "rmse_mgdl": 75.75
      },
      "ae": {
        "reconstruction": {
          "mae_mgdl": 1.29,
          "rmse_mgdl": 1.9
        },
        "future_only": {
          "mae_mgdl": 4.28,
          "rmse_mgdl": 5.51,
          "history_steps": 18,
          "future_steps": 18,
          "per_horizon": {
            "5min": 4.95,
            "10min": 6.33,
            "15min": 7.09,
            "20min": 5.65,
            "25min": 3.95,
            "30min": 3.27,
            "35min": 3.67,
            "40min": 4.06,
            "45min": 4.4,
            "50min": 4.14,
            "55min": 4.01,
            "60min": 3.27,
            "65min": 2.29,
            "70min": 2.87,
            "75min": 4.59,
            "80min": 5.68,
            "85min": 4.86,
            "90min": 2.03
          }
        }
      },
      "grouped": {
        "reconstruction": {
          "mae_mgdl": 1.03,
          "rmse_mgdl": 1.56
        },
        "future_only": {
          "mae_mgdl": 12.54,
          "rmse_mgdl": 14.7,
          "history_steps": 18,
          "future_steps": 18,
          "per_horizon": {
            "5min": 20.73,
            "10min": 21.91,
            "15min": 19.3,
            "20min": 15.79,
            "25min": 14.72,
            "30min": 15.55,
            "35min": 17.86,
            "40min": 19.29,
            "45min": 18.45,
            "50min": 15.62,
            "55min": 12.08,
            "60min": 9.4,
            "65min": 7.36,
            "70min": 6.72,
            "75min": 5.2,
            "80min": 2.84,
            "85min": 1.69,
            "90min": 1.25
          }
        }
      }
    }
  },
  "elapsed_seconds": 183.4
}