{
  "experiment": "EXP-007",
  "timestamp": "2026-04-02T19:00:03Z",
  "patient": {
    "isf": 2.7,
    "cr": 4.0
  },
  "samples": {
    "train": 3004,
    "val": 751
  },
  "simple_stats": {
    "mean": -0.3184342243634124,
    "std": 54.9907198633943,
    "min": -251.24364334344864,
    "max": 243.16706331074238,
    "p5": -94.99118033023551,
    "p95": 95.35553585030137,
    "scale": 200.0,
    "level": "simple"
  },
  "enhanced_stats": {
    "mean": -5.825555911826743,
    "std": 54.16802492441037,
    "min": -251.47582560917363,
    "max": 239.54758828133345,
    "p5": -97.97444280704948,
    "p95": 88.06732995864002,
    "scale": 200.0,
    "level": "enhanced"
  },
  "uva_stats": {
    "mean": -0.3086619341156507,
    "std": 57.494201519406296,
    "level": "uva"
  },
  "simple_physics_only": {
    "mae_mgdl": 37.77,
    "rmse_mgdl": 54.99
  },
  "enhanced_physics_only": {
    "mae_mgdl": 37.92,
    "rmse_mgdl": 54.48
  },
  "uva_physics_only": {
    "mae_mgdl": 39.46,
    "rmse_mgdl": 57.5
  },
  "simple_residual_ae": {
    "mae_mgdl": 0.96,
    "rmse_mgdl": 1.24
  },
  "enhanced_residual_ae": {
    "mae_mgdl": 0.84,
    "rmse_mgdl": 1.15
  },
  "uva_residual_ae": {
    "mae_mgdl": 0.84,
    "rmse_mgdl": 1.15
  },
  "persistence": {
    "mae_mgdl": 40.91,
    "rmse_mgdl": 58.94
  },
  "elapsed_seconds": 47.3
}