{
  "experiment": "EXP-074",
  "timestamp": "2026-04-02T02:57:38Z",
  "hypothesis": "time-to-event MAE < 30 min",
  "hypo_event_rate": 0.09344641480339244,
  "hyper_event_rate": 0.4143407864302236,
  "hypo_n_events": 606,
  "hyper_n_events": 2687,
  "hypo_mae_minutes": 40.22277227722772,
  "hyper_mae_minutes": 6.827316710085597,
  "hypo_detection_rate": 0.16006600660066006,
  "hyper_detection_rate": 0.8827688872348344,
  "hypo_false_alarm_rate": 0.0018710665079095085,
  "hyper_false_alarm_rate": 0.08056872037914692,
  "success": true,
  "elapsed_seconds": 330.4
}