{
  "experiment": "EXP-080",
  "timestamp": "2026-04-02T03:32:49Z",
  "hypothesis": "hypo detection >60%",
  "hypo_rate_val": 0.09344641480339244,
  "methods": {
    "standard": {
      "f1": 0.6141575274177468,
      "precision": 0.7758186397984886,
      "recall": 0.5082508250825083,
      "auroc": 0.9293811333846431
    },
    "cost_sensitive_10x": {
      "f1": 0.5682352941176471,
      "precision": 0.44149908592321757,
      "recall": 0.7970297029702971,
      "auroc": 0.9259859307924329
    },
    "oversampled_3x": {
      "f1": 0.6322008862629247,
      "precision": 0.5721925133689839,
      "recall": 0.7062706270627063,
      "auroc": 0.9264805031277069
    },
    "threshold_tuned": {
      "threshold": 0.35000000000000003,
      "f1": 0.6499133448873483,
      "precision": 0.6843065693430657,
      "recall": 0.6188118811881188,
      "auroc": 0.9293811333846431
    }
  },
  "best_method": "cost_sensitive_10x",
  "best_recall": 0.7970297029702971,
  "feature_importance": {
    "gluc_now": 0.49526193737983704,
    "trend_15m": 0.05950561538338661,
    "trend_1hr": 0.034151624888181686,
    "gluc_min": 0.06171644851565361,
    "gluc_max": 0.03342960774898529,
    "gluc_std": 0.06530486792325974,
    "gluc_mean": 0.03198164701461792,
    "iob": 0.03246987611055374,
    "cob": 0.03718278184533119,
    "basal": 0.035768814384937286,
    "roc_mean": 0.06579659134149551,
    "roc_min": 0.047430217266082764
  },
  "success": true,
  "elapsed_seconds": 49.9
}