{
  "experiment": "EXP-086",
  "name": "asymmetric-long",
  "results": {
    "standard_150ep": {
      "mae": 12.34759521484375,
      "hypo_detect": 0.6287128712871287,
      "hypo_n": 606,
      "best_val": 0.0024232569575200185
    },
    "asymmetric_150ep": {
      "mae": 13.044838905334473,
      "hypo_detect": 0.6468646864686468,
      "hypo_n": 606,
      "best_val": 0.0025993691615796848
    },
    "asymmetric_200ep": {
      "mae": 12.868999481201172,
      "hypo_detect": 0.6023102310231023,
      "hypo_n": 606,
      "best_val": 0.0025556905459904787
    }
  }
}