{
  "experiment": "EXP-068",
  "timestamp": "2026-04-02T02:34:48Z",
  "hypothesis": "balanced multi-task: MAE<14, F1>0.80",
  "sweep": {
    "0.01": {
      "mae": 14.43187141418457,
      "f1": 0.8686013637410759
    },
    "0.05": {
      "mae": 15.77028751373291,
      "f1": 0.8608009250954783
    },
    "0.1": {
      "mae": 16.3734130859375,
      "f1": 0.8771137300776535
    },
    "0.5": {
      "mae": 18.209110260009766,
      "f1": 0.8692514610073022
    },
    "1.0": {
      "mae": 19.08668327331543,
      "f1": 0.8681678444713413
    }
  },
  "best_pareto": null,
  "success": false,
  "elapsed_seconds": 798.0
}