{
  "experiment": "EXP-092",
  "name": "hypo-calibrated",
  "results": {
    "best_threshold": 0.30000000000000004,
    "recall": 0.6386138613861386,
    "precision": 0.7995867768595041,
    "f1": 0.710091743119266,
    "threshold_sweep": {
      "0.10": {
        "recall": 0.8085808580858086,
        "precision": 0.43789097408400357,
        "f1": 0.5681159420289855
      },
      "0.15": {
        "recall": 0.764026402640264,
        "precision": 0.5231638418079096,
        "f1": 0.6210596914822267
      },
      "0.20": {
        "recall": 0.7392739273927392,
        "precision": 0.6222222222222222,
        "f1": 0.6757164404223228
      },
      "0.25": {
        "recall": 0.6914191419141914,
        "precision": 0.7274305555555556,
        "f1": 0.7089678510998308
      },
      "0.30": {
        "recall": 0.6386138613861386,
        "precision": 0.7995867768595041,
        "f1": 0.710091743119266
      },
      "0.35": {
        "recall": 0.6072607260726073,
        "precision": 0.8195991091314031,
        "f1": 0.6976303317535545
      },
      "0.40": {
        "recall": 0.5924092409240924,
        "precision": 0.8466981132075472,
        "f1": 0.6970873786407767
      },
      "0.45": {
        "recall": 0.5792079207920792,
        "precision": 0.8731343283582089,
        "f1": 0.6964285714285714
      },
      "0.50": {
        "recall": 0.5412541254125413,
        "precision": 0.8770053475935828,
        "f1": 0.6693877551020408
      },
      "0.55": {
        "recall": 0.5181518151815182,
        "precision": 0.8870056497175142,
        "f1": 0.6541666666666667
      },
      "0.60": {
        "recall": 0.49834983498349833,
        "precision": 0.8988095238095238,
        "f1": 0.6411889596602972
      },
      "0.65": {
        "recall": 0.46534653465346537,
        "precision": 0.912621359223301,
        "f1": 0.6163934426229508
      },
      "0.70": {
        "recall": 0.43564356435643564,
        "precision": 0.9295774647887324,
        "f1": 0.5932584269662922
      },
      "0.75": {
        "recall": 0.3976897689768977,
        "precision": 0.94140625,
        "f1": 0.5591647331786543
      },
      "0.80": {
        "recall": 0.3580858085808581,
        "precision": 0.9644444444444444,
        "f1": 0.5222623345367028
      },
      "0.85": {
        "recall": 0.3234323432343234,
        "precision": 0.9751243781094527,
        "f1": 0.4857496902106567
      }
    }
  }
}