{
  "experiment": "EXP-077",
  "timestamp": "2026-04-02T03:04:27Z",
  "hypothesis": "bolus MAE < 2U, carbs MAE < 20g",
  "bolus": {
    "n_train": 12512,
    "n_val": 3101,
    "mae": 2.1750877714450922,
    "correlation": 0.2815718409449603,
    "target_mean": 2.7032569842217855,
    "target_std": 3.3561233723334847,
    "pred_mean": 2.783209921009443,
    "pred_std": 1.0628533849964656,
    "feature_importance": {
      "gluc_now": 0.17790137415855042,
      "gluc_trend": 0.13641627128432776,
      "iob": 0.3266348723969289,
      "cob": 0.10575490665681452,
      "gluc_mean": 0.05058137324299395,
      "gluc_std": 0.09324131107036988,
      "gluc_min": 0.0654944750066093,
      "gluc_max": 0.043975416183405176
    }
  },
  "carbs": {
    "n_train": 4427,
    "n_val": 1128,
    "mae": 18.334385436546672,
    "correlation": 0.23817302993706807,
    "target_mean": 27.736525090767984,
    "target_std": 25.279729078420672,
    "pred_mean": 27.07022363795093,
    "pred_std": 8.248422258231443,
    "feature_importance": {
      "gluc_now": 0.0822430461517549,
      "gluc_trend": 0.0993199394801289,
      "iob": 0.24510393327731983,
      "cob": 0.09391377560357526,
      "gluc_mean": 0.10534293850653229,
      "gluc_std": 0.14487900187060143,
      "gluc_min": 0.0740864539101449,
      "gluc_max": 0.15511091119994252
    }
  },
  "success": true,
  "elapsed_seconds": 53.3
}