{
  "experiment": "EXP-071",
  "timestamp": "2026-04-02T02:49:31Z",
  "hypothesis": "MT + selective FT: MAE<14, F1>0.80",
  "patients": {
    "a": {
      "gen_mae": 18.210617065429688,
      "gen_f1": 0.9269419561726688,
      "ft_mae": 17.245031356811523,
      "ft_f1": 0.9312234762882733,
      "used_ft": true
    },
    "b": {
      "gen_mae": 20.993511199951172,
      "gen_f1": 0.832892935861763,
      "ft_mae": 20.962270736694336,
      "ft_f1": 0.7895977721487348,
      "used_ft": true
    },
    "c": {
      "gen_mae": 18.730243682861328,
      "gen_f1": 0.9046339596785947,
      "ft_mae": 16.836450576782227,
      "ft_f1": 0.904145515627287,
      "used_ft": true
    },
    "d": {
      "gen_mae": 11.58366870880127,
      "gen_f1": 0.7460018957415739,
      "ft_mae": 10.67805004119873,
      "ft_f1": 0.7223451479499943,
      "used_ft": true
    },
    "e": {
      "gen_mae": 16.106721878051758,
      "gen_f1": 0.8789838088074957,
      "ft_mae": 14.707322120666504,
      "ft_f1": 0.8294993771393401,
      "used_ft": true
    }
  },
  "mean_mae": 16.085824966430664,
  "mean_f1": 0.8353622578307259,
  "success": false,
  "elapsed_seconds": 49.6
}