{
  "experiment": "EXP-061",
  "timestamp": "2026-04-02T02:09:13Z",
  "hypothesis": "multi-horizon ensemble > single model",
  "single_maes": {
    "1hr": 11.393884658813477,
    "6hr": 17.216028213500977,
    "3day": 27.443273544311523
  },
  "ensemble_maes": {
    "equal": 16.557937622070312,
    "mae_weighted": 14.401535987854004
  },
  "best_single": 11.393884658813477,
  "best_ensemble": 14.401535987854004,
  "improvement_pct": -26.397066664300734,
  "success": false,
  "elapsed_seconds": 47.6
}