{
  "experiment": "EXP-171",
  "name": "forecast-production-v8",
  "results": {
    "ensemble_mae_mgdl": 12.459736988201941,
    "ensemble_hypo_mae_mgdl": 12.3521717637857,
    "persistence_mae_mgdl": 34.31648655280201,
    "improvement_vs_persistence": 63.691688049036074,
    "individual_maes": {
      "d32_L2": 13.632151732865106,
      "d64_L2": 15.02956100616808,
      "d64_L4": 13.609342598504561,
      "d128_L6": 13.411287390974364,
      "d32_L6": 13.884477700944487
    },
    "pi_90_width_mgdl": 40.8038330078125,
    "pi_coverage_90": 0.9,
    "coverage_2sigma": 0.7148676432793626,
    "n_ensemble_members": 5,
    "hypo_weight": 3.0,
    "epochs": 150,
    "causal_masked": true
  }
}