{
  "experiment": "EXP-199",
  "name": "production-v11-unified",
  "results": {
    "ensemble_mae": 12.778347730636597,
    "personalized_mean_mae": 12.125893607735634,
    "hypo_mae": 12.970878183841705,
    "conformal_q90": 29.634233474731445,
    "conformal_q95": 41.53297424316406,
    "horizon_quantiles": {
      "0": {
        "q90": 13.216715812683105,
        "q95": 16.933616638183594
      },
      "1": {
        "q90": 18.041067123413086,
        "q95": 24.10919189453125
      },
      "2": {
        "q90": 22.067218780517578,
        "q95": 29.210453033447266
      },
      "3": {
        "q90": 24.68517303466797,
        "q95": 33.333984375
      },
      "4": {
        "q90": 27.04999542236328,
        "q95": 36.41960144042969
      },
      "5": {
        "q90": 28.693775177001953,
        "q95": 39.35113525390625
      },
      "6": {
        "q90": 31.296184539794922,
        "q95": 42.53333282470703
      },
      "7": {
        "q90": 33.26898193359375,
        "q95": 45.95844268798828
      },
      "8": {
        "q90": 36.01974105834961,
        "q95": 48.56110382080078
      },
      "9": {
        "q90": 37.677791595458984,
        "q95": 52.74048614501953
      },
      "10": {
        "q90": 39.808860778808594,
        "q95": 54.5260124206543
      },
      "11": {
        "q90": 42.6816520690918,
        "q95": 57.849491119384766
      }
    },
    "n_members": 4,
    "member_maes": [
      27.846939462590836,
      27.998749054917084,
      28.076369295458687,
      29.624116654851445
    ],
    "per_patient": {
      "a": {
        "equal_mae": 11.968150734901428,
        "opt_mae": 11.502225697040558,
        "weights": [
          0.635174180618161,
          0.23483528344566115,
          0.07507146788085882,
          0.054919068055318966
        ]
      },
      "b": {
        "equal_mae": 16.354776918888092,
        "opt_mae": 15.111179649829865,
        "weights": [
          0.6668628790919974,
          0.06383047836255974,
          0.21044377904842906,
          0.058862863497013744
        ]
      },
      "c": {
        "equal_mae": 14.128579199314117,
        "opt_mae": 13.420993089675903,
        "weights": [
          0.5164494111574178,
          0.02976669391630553,
          0.42839266446486607,
          0.025391230461410473
        ]
      },
      "d": {
        "equal_mae": 9.269598871469498,
        "opt_mae": 8.978146314620972,
        "weights": [
          0.40828430308172314,
          0.15411481768585664,
          0.3857325388225508,
          0.05186834040986939
        ]
      },
      "e": {
        "equal_mae": 11.112532019615173,
        "opt_mae": 10.456416010856628,
        "weights": [
          0.5436651745428909,
          0.22218916774099767,
          0.16709821941087605,
          0.0670474383052354
        ]
      },
      "f": {
        "equal_mae": 9.726570546627045,
        "opt_mae": 9.196146577596664,
        "weights": [
          0.635174180618161,
          0.23483528344566115,
          0.07507146788085882,
          0.054919068055318966
        ]
      },
      "g": {
        "equal_mae": 10.041850060224533,
        "opt_mae": 9.034201502799988,
        "weights": [
          0.6668628790919974,
          0.06383047836255974,
          0.21044377904842906,
          0.058862863497013744
        ]
      },
      "h": {
        "equal_mae": 13.377609848976135,
        "opt_mae": 12.9342719912529,
        "weights": [
          0.7264867172357373,
          0.1733486491508965,
          0.061182528451109656,
          0.03898210516225662
        ]
      },
      "i": {
        "equal_mae": 10.749413818120956,
        "opt_mae": 10.373122990131378,
        "weights": [
          0.16282318413248753,
          0.03709886803656979,
          0.4877328705472195,
          0.3123450772837232
        ]
      },
      "j": {
        "equal_mae": 20.64797580242157,
        "opt_mae": 20.252232253551483,
        "weights": [
          0.05887910720886312,
          0.6829722822354721,
          0.1934551486812089,
          0.06469346187445592
        ]
      }
    },
    "persistence_mae": 34.31648655280201
  }
}