{
  "experiment": "EXP-170",
  "name": "forecast-attention-forcing",
  "results": {
    "conditions": {
      "mask_0pct": {
        "mask_rate": 0.0,
        "forecast_mae_mgdl": 12.914249818792566,
        "best_val_mse": 0.005690389904010968,
        "mae_without_glucose_mgdl": 67.92000951715497,
        "glucose_importance": 0.8098608950351996
      },
      "mask_15pct": {
        "mask_rate": 0.15,
        "forecast_mae_mgdl": 17.06941318909021,
        "best_val_mse": 0.005107155756787488,
        "mae_without_glucose_mgdl": 75.87698555159342,
        "glucose_importance": 0.7750383325720858
      },
      "mask_30pct": {
        "mask_rate": 0.3,
        "forecast_mae_mgdl": 16.702809819535467,
        "best_val_mse": 0.009710502696643565,
        "mae_without_glucose_mgdl": 62.75518263299923,
        "glucose_importance": 0.7338417463109661
      },
      "mask_50pct": {
        "mask_rate": 0.5,
        "forecast_mae_mgdl": 14.224754102516224,
        "best_val_mse": 0.004385250600000077,
        "mae_without_glucose_mgdl": 34.63761866326137,
        "glucose_importance": 0.5893264418433071
      }
    },
    "persistence_mae_mgdl": 34.31648655280201,
    "epochs": 100,
    "causal_masked": true
  }
}