{
  "experiment": "EXP-181",
  "name": "xgb-event-pharmakinetic",
  "results": {
    "best_f1": 0.6790412595677133,
    "best_hyperparams": "md10_ne400_lr0.08",
    "f1_baseline_exp180": 0.6176629157094763,
    "improvement_over_180": 0.06137834385823704,
    "n_classes": 6,
    "n_total_features": 46,
    "n_new_features": 26,
    "n_pharma_features": 9,
    "pharma_feature_names": [
      "iob_peak_window",
      "iob_tail_phase",
      "iob_roc",
      "iob_rstd",
      "cob_roc",
      "cob_rolling_mean",
      "glucose_iob_sync",
      "insulin_leads_glucose",
      "glucose_iob_ratio"
    ],
    "top_features": {
      "carbs_total": 0.12418614327907562,
      "net_basal_now": 0.09963375329971313,
      "cob_now": 0.09563054144382477,
      "bolus_total": 0.06002560630440712,
      "iob_cob_ratio": 0.04602663218975067,
      "glucose_mean_rstd": 0.043075915426015854,
      "iob_cob_interaction": 0.03881600499153137,
      "cob_rolling_mean": 0.03696649894118309,
      "iob_tail_phase": 0.035407885909080505,
      "hour_of_day": 0.03202098608016968,
      "time_sin": 0.026408519595861435,
      "iob_rstd": 0.026408134028315544,
      "iob_now": 0.023341666907072067,
      "glucose_std": 0.021345004439353943,
      "glucose_max": 0.021312810480594635,
      "glucose_min_rstd": 0.020462781190872192,
      "iob_peak_window": 0.01875157840549946,
      "time_cos": 0.015412138774991035,
      "iob_change": 0.013882830739021301,
      "glucose_min": 0.013340407982468605
    },
    "all_hyperparams": {
      "md6_ne200_lr0.03": 0.5249832725469687,
      "md6_ne200_lr0.05": 0.5529940757093241,
      "md6_ne200_lr0.08": 0.5872437693148053,
      "md6_ne300_lr0.03": 0.5454400795808859,
      "md6_ne300_lr0.05": 0.5835077913375889,
      "md6_ne300_lr0.08": 0.6160477029903876,
      "md6_ne400_lr0.03": 0.5634115342264672,
      "md6_ne400_lr0.05": 0.6059733715271202,
      "md6_ne400_lr0.08": 0.6341838209590377,
      "md8_ne200_lr0.03": 0.5749686847949265,
      "md8_ne200_lr0.05": 0.60515946383982,
      "md8_ne200_lr0.08": 0.6348013968308107,
      "md8_ne300_lr0.03": 0.5969709416383625,
      "md8_ne300_lr0.05": 0.629610031867551,
      "md8_ne300_lr0.08": 0.6596892062465938,
      "md8_ne400_lr0.03": 0.614870432510333,
      "md8_ne400_lr0.05": 0.65046509103249,
      "md8_ne400_lr0.08": 0.6709608997101317,
      "md10_ne200_lr0.03": 0.6161197376630995,
      "md10_ne200_lr0.05": 0.6425781680325073,
      "md10_ne200_lr0.08": 0.6634404470801866,
      "md10_ne300_lr0.03": 0.638232165575713,
      "md10_ne300_lr0.05": 0.6589726353772233,
      "md10_ne300_lr0.08": 0.6747675228048374,
      "md10_ne400_lr0.03": 0.6505404945761568,
      "md10_ne400_lr0.05": 0.6706471403433398,
      "md10_ne400_lr0.08": 0.6790412595677133
    },
    "hyperparams_tested": 27
  }
}