{
  "experiment": "EXP-168",
  "name": "worst-patient-finetune",
  "results": {
    "base_per_patient": {
      "a": 1.5059223505215702,
      "b": 1.3920178016026816,
      "c": 1.5783467193725988,
      "d": 1.138093786218289,
      "e": 1.5654022941094434,
      "f": 1.563633450290613,
      "g": 1.4755975482858583,
      "h": 1.5650661890966853,
      "i": 1.4162365470673193,
      "j": 1.5591726541215833
    },
    "finetuned_per_patient": {
      "c": 1.326735994520899,
      "e": 1.3299696132570447,
      "h": 1.375601872017509
    },
    "worst_patients": [
      "c",
      "e",
      "h"
    ],
    "ft_epochs": 15,
    "ft_lr": 5e-05,
    "improvements": {
      "c": {
        "base_mae": 1.5783467193725988,
        "ft_mae": 1.326735994520899,
        "improvement_pct": 15.941410196089013
      },
      "e": {
        "base_mae": 1.5654022941094434,
        "ft_mae": 1.3299696132570447,
        "improvement_pct": 15.039755706141744
      },
      "h": {
        "base_mae": 1.5650661890966853,
        "ft_mae": 1.375601872017509,
        "improvement_pct": 12.105834142933604
      }
    }
  }
}