{
  "experiment": "EXP-192",
  "name": "worst-patient-robust",
  "results": {
    "per_patient": {
      "a": {
        "global_mae": 11.35239888386554,
        "finetuned_mae": 10.898410843079349,
        "improvement_pct": 3.9990494117627966,
        "n_train": 3004,
        "n_val": 83
      },
      "b": {
        "global_mae": 16.31268420851374,
        "finetuned_mae": 15.04615722411129,
        "improvement_pct": 7.764062420465652,
        "n_train": 3071,
        "n_val": 83
      },
      "c": {
        "global_mae": 13.467432483690514,
        "finetuned_mae": 12.356394066658194,
        "improvement_pct": 8.249816127742411,
        "n_train": 2822,
        "n_val": 73
      },
      "d": {
        "global_mae": 10.110285375025367,
        "finetuned_mae": 8.16765326958198,
        "improvement_pct": 19.214414167201614,
        "n_train": 2980,
        "n_val": 77
      },
      "e": {
        "global_mae": 10.230213346935454,
        "finetuned_mae": 9.413987114315942,
        "improvement_pct": 7.978584658393453,
        "n_train": 2671,
        "n_val": 70
      },
      "f": {
        "global_mae": 9.944644975073544,
        "finetuned_mae": 9.23297473923169,
        "improvement_pct": 7.156316164384655,
        "n_train": 3038,
        "n_val": 81
      },
      "g": {
        "global_mae": 9.224575360616049,
        "finetuned_mae": 7.742834091186523,
        "improvement_pct": 16.06297538373159,
        "n_train": 3033,
        "n_val": 80
      },
      "h": {
        "global_mae": 13.868728725389504,
        "finetuned_mae": 11.120341290002582,
        "improvement_pct": 19.817154764556356,
        "n_train": 1216,
        "n_val": 29
      },
      "i": {
        "global_mae": 11.141189327084922,
        "finetuned_mae": 10.447551758308721,
        "improvement_pct": 6.225884404368969,
        "n_train": 3052,
        "n_val": 82
      },
      "j": {
        "global_mae": 21.673443203880673,
        "finetuned_mae": 21.756817045665922,
        "improvement_pct": -0.3846820322961936,
        "n_train": 1048,
        "n_val": 28
      }
    },
    "mean_improvement_pct": 9.60835754703113,
    "worst_patients_improved": {
      "a": {
        "global_mae": 11.35239888386554,
        "finetuned_mae": 10.898410843079349,
        "improvement_pct": 3.9990494117627966,
        "n_train": 3004,
        "n_val": 83
      },
      "b": {
        "global_mae": 16.31268420851374,
        "finetuned_mae": 15.04615722411129,
        "improvement_pct": 7.764062420465652,
        "n_train": 3071,
        "n_val": 83
      },
      "c": {
        "global_mae": 13.467432483690514,
        "finetuned_mae": 12.356394066658194,
        "improvement_pct": 8.249816127742411,
        "n_train": 2822,
        "n_val": 73
      },
      "d": {
        "global_mae": 10.110285375025367,
        "finetuned_mae": 8.16765326958198,
        "improvement_pct": 19.214414167201614,
        "n_train": 2980,
        "n_val": 77
      },
      "e": {
        "global_mae": 10.230213346935454,
        "finetuned_mae": 9.413987114315942,
        "improvement_pct": 7.978584658393453,
        "n_train": 2671,
        "n_val": 70
      },
      "f": {
        "global_mae": 9.944644975073544,
        "finetuned_mae": 9.23297473923169,
        "improvement_pct": 7.156316164384655,
        "n_train": 3038,
        "n_val": 81
      },
      "g": {
        "global_mae": 9.224575360616049,
        "finetuned_mae": 7.742834091186523,
        "improvement_pct": 16.06297538373159,
        "n_train": 3033,
        "n_val": 80
      },
      "h": {
        "global_mae": 13.868728725389504,
        "finetuned_mae": 11.120341290002582,
        "improvement_pct": 19.817154764556356,
        "n_train": 1216,
        "n_val": 29
      },
      "i": {
        "global_mae": 11.141189327084922,
        "finetuned_mae": 10.447551758308721,
        "improvement_pct": 6.225884404368969,
        "n_train": 3052,
        "n_val": 82
      }
    },
    "comparison": {
      "exp173_best_improvement": "13.5%"
    }
  }
}