{
  "experiment": "EXP-193",
  "name": "xgb-event-feature-select",
  "results": {
    "f1_full": 0.6736886992438457,
    "n_features_full": 39,
    "best_k": 39,
    "best_k_f1": 0.6738056648571438,
    "results_by_k": {
      "5": 0.38288520712224366,
      "10": 0.5657447096364926,
      "15": 0.6016594924044337,
      "20": 0.6082149572815873,
      "25": 0.6215876951781089,
      "30": 0.6536075606426431,
      "35": 0.6709414118429401,
      "39": 0.6738056648571438
    },
    "top_20_features": [
      [
        "carbs_total",
        0.12345833331346512
      ],
      [
        "net_basal_now",
        0.10202524811029434
      ],
      [
        "cob_now",
        0.09191174805164337
      ],
      [
        "iob_cob_interaction",
        0.0683402568101883
      ],
      [
        "bolus_total",
        0.05896696075797081
      ],
      [
        "iob_cob_ratio",
        0.05637061968445778
      ],
      [
        "iob_tail",
        0.054307401180267334
      ],
      [
        "glucose_mean_rstd",
        0.04991272836923599
      ],
      [
        "hour_of_day",
        0.03621150925755501
      ],
      [
        "time_sin",
        0.030270952731370926
      ],
      [
        "glucose_min_rstd",
        0.023722007870674133
      ],
      [
        "glucose_max",
        0.023301849141716957
      ],
      [
        "glucose_std",
        0.02319219708442688
      ],
      [
        "iob_now",
        0.022999770939350128
      ],
      [
        "time_cos",
        0.018231386318802834
      ],
      [
        "glucose_min",
        0.016715314239263535
      ],
      [
        "iob_change",
        0.016081204637885094
      ],
      [
        "glucose_now",
        0.013983188197016716
      ],
      [
        "bolus_now",
        0.013977204449474812
      ],
      [
        "glucose_mean",
        0.013198484666645527
      ]
    ],
    "comparison": {
      "exp181_f1": 0.679
    }
  }
}