{
  "experiment": "EXP-198",
  "name": "pattern-clustered-ensemble",
  "results": {
    "global_mae": 13.798355102539062,
    "routed_mae": 13.1389741897583,
    "improvement_pct": 4.778692154831033,
    "persistence_mae": 34.31648655280201,
    "n_clusters": 4,
    "cluster_maes": {
      "0": 37.166224379379194,
      "1": 22.9519588943558,
      "2": 26.62212887582585,
      "3": 31.68625785673724
    },
    "cluster_sizes_train": {
      "0": 2727,
      "1": 16143,
      "2": 3034,
      "3": 4033
    },
    "cluster_sizes_val": {
      "0": 684,
      "1": 3988,
      "2": 781,
      "3": 1032
    }
  }
}