{
  "experiment": "EXP-107",
  "name": "multi-output",
  "results": {
    "mae_mgdl": 15.5,
    "hypo_precision": 0.5097402597402597,
    "hypo_recall": 0.7772277227722773,
    "hypo_f1": 0.615686274509804
  }
}