{
  "experiment": "EXP-180",
  "name": "xgb-event-temporal",
  "results": {
    "f1_macro_with_temporal": 0.6176629157094763,
    "f1_weighted_with_temporal": 0.6659380632950305,
    "f1_macro_baseline": 0.5053257565683277,
    "temporal_improvement": 0.11233715914114861,
    "n_classes": 6,
    "n_features_total": 37,
    "n_new_features": 17,
    "new_feature_names": [
      "glucose_now_roc",
      "glucose_now_acc",
      "glucose_now_rstd",
      "glucose_trend_roc",
      "glucose_trend_acc",
      "glucose_trend_rstd",
      "glucose_mean_roc",
      "glucose_mean_acc",
      "glucose_mean_rstd",
      "glucose_std_roc",
      "glucose_std_acc",
      "glucose_std_rstd",
      "glucose_min_roc",
      "glucose_min_acc",
      "glucose_min_rstd",
      "iob_cob_interaction",
      "iob_cob_ratio"
    ],
    "top_features": {
      "carbs_total": 0.1049303412437439,
      "cob_now": 0.1032535582780838,
      "net_basal_now": 0.08946340531110764,
      "bolus_total": 0.07320316135883331,
      "glucose_mean_rstd": 0.06555294245481491,
      "iob_cob_ratio": 0.05751873180270195,
      "hour_of_day": 0.04947290197014809,
      "iob_cob_interaction": 0.047690119594335556,
      "glucose_min_rstd": 0.0424385741353035,
      "iob_now": 0.03802820295095444,
      "time_sin": 0.030527900904417038,
      "iob_change": 0.02762262523174286,
      "glucose_max": 0.024043861776590347,
      "cob_velocity": 0.02247735671699047,
      "glucose_std": 0.02231322042644024
    }
  }
}