{
  "experiment": "EXP-194",
  "name": "drift-wavelet-sync",
  "results": {
    "per_patient": {
      "a": {
        "nominal_isf": 50.0,
        "n_readings": 44632,
        "short": {
          "corr": -0.42059386478937133,
          "best_lag": 0,
          "n_windows": 7435,
          "isf_mean": 1.0866577000672495,
          "isf_std": 0.46924461666443257,
          "tir_mean": 0.5591347231562429
        },
        "medium": {
          "corr": -0.4281630307836821,
          "best_lag": 0,
          "n_windows": 1856,
          "isf_mean": 1.0136314655172414,
          "isf_std": 0.3432422770202691,
          "tir_mean": 0.5592560165229884
        },
        "long": {
          "corr": -0.30561421570859687,
          "best_lag": 0,
          "n_windows": 616,
          "isf_mean": 0.9676948051948052,
          "isf_std": 0.2240677897168587,
          "tir_mean": 0.5593547077922078
        }
      },
      "b": {
        "nominal_isf": 50.0,
        "n_readings": 44912,
        "short": {
          "corr": -0.21988216141800587,
          "best_lag": 1,
          "n_windows": 7482,
          "isf_mean": 0.9062817428495054,
          "isf_std": 0.38939166636229844,
          "tir_mean": 0.5655907511360598
        },
        "medium": {
          "corr": -0.2583415554355631,
          "best_lag": 1,
          "n_windows": 1868,
          "isf_mean": 0.8296573875802997,
          "isf_std": 0.2698212795049515,
          "tir_mean": 0.5653216452533903
        },
        "long": {
          "corr": -0.2500287513600284,
          "best_lag": 0,
          "n_windows": 620,
          "isf_mean": 0.7895161290322579,
          "isf_std": 0.1791640752742764,
          "tir_mean": 0.5652665770609318
        }
      },
      "c": {
        "nominal_isf": 50.0,
        "n_readings": 84623,
        "short": {
          "corr": 0.1124416480203584,
          "best_lag": 1,
          "n_windows": 14100,
          "isf_mean": 0.898099290780142,
          "isf_std": 0.20397278726035836,
          "tir_mean": 0.6150413711583925
        },
        "medium": {
          "corr": 0.21432695699189808,
          "best_lag": 0,
          "n_windows": 3522,
          "isf_mean": 0.9507666098807496,
          "isf_std": 0.14885797528763908,
          "tir_mean": 0.615544553284119
        },
        "long": {
          "corr": 0.262830636988975,
          "best_lag": 0,
          "n_windows": 1172,
          "isf_mean": 0.9581911262798635,
          "isf_std": 0.1384068457061353,
          "tir_mean": 0.6157091391733029
        }
      },
      "d": {
        "nominal_isf": 50.0,
        "n_readings": 79234,
        "short": {
          "corr": -0.03357372301149173,
          "best_lag": 1,
          "n_windows": 13202,
          "isf_mean": 0.8599227389789427,
          "isf_std": 0.23061491494181172,
          "tir_mean": 0.7962177447861436
        },
        "medium": {
          "corr": 0.06966612895327338,
          "best_lag": 5,
          "n_windows": 3298,
          "isf_mean": 0.8358399029714978,
          "isf_std": 0.2229302916585898,
          "tir_mean": 0.7960632706690924
        },
        "long": {
          "corr": 0.12151137583538871,
          "best_lag": 3,
          "n_windows": 1097,
          "isf_mean": 0.8237010027347311,
          "isf_std": 0.22663117614087108,
          "tir_mean": 0.7957371113136837
        }
      },
      "e": {
        "nominal_isf": 50.0,
        "n_readings": 60560,
        "short": {
          "corr": -0.08586797420837594,
          "best_lag": 2,
          "n_windows": 10090,
          "isf_mean": 0.8627948463825569,
          "isf_std": 0.2903490919162856,
          "tir_mean": 0.6608440700363396
        },
        "medium": {
          "corr": 0.02535278903729226,
          "best_lag": 5,
          "n_windows": 2520,
          "isf_mean": 0.8609126984126985,
          "isf_std": 0.2323959920918122,
          "tir_mean": 0.6605902777777778
        },
        "long": {
          "corr": 0.11405128261305798,
          "best_lag": -5,
          "n_windows": 838,
          "isf_mean": 0.779236276849642,
          "isf_std": 0.23331867238707554,
          "tir_mean": 0.6605053367806947
        }
      },
      "f": {
        "nominal_isf": 50.0,
        "n_readings": 45255,
        "short": {
          "corr": -0.48120834046588795,
          "best_lag": 1,
          "n_windows": 7539,
          "isf_mean": 0.8661626210372728,
          "isf_std": 0.42886284897630655,
          "tir_mean": 0.6577795463589335
        },
        "medium": {
          "corr": -0.5188108610185187,
          "best_lag": 0,
          "n_windows": 1882,
          "isf_mean": 0.7854941551540914,
          "isf_std": 0.305853269290451,
          "tir_mean": 0.6573237690400283
        },
        "long": {
          "corr": -0.4185166690375479,
          "best_lag": 0,
          "n_windows": 625,
          "isf_mean": 0.7192,
          "isf_std": 0.20234465646515107,
          "tir_mean": 0.6571666666666667
        }
      },
      "g": {
        "nominal_isf": 50.0,
        "n_readings": 44865,
        "short": {
          "corr": -0.3634190300682213,
          "best_lag": 1,
          "n_windows": 7474,
          "isf_mean": 0.9634198554990635,
          "isf_std": 0.4676730565651186,
          "tir_mean": 0.7551679154401927
        },
        "medium": {
          "corr": -0.3974996034401396,
          "best_lag": 1,
          "n_windows": 1866,
          "isf_mean": 0.8785637727759914,
          "isf_std": 0.34442625989517744,
          "tir_mean": 0.7553478921043228
        },
        "long": {
          "corr": -0.344836906243026,
          "best_lag": 0,
          "n_windows": 620,
          "isf_mean": 0.7974193548387095,
          "isf_std": 0.20166992741950948,
          "tir_mean": 0.7550123207885305
        }
      },
      "h": {
        "nominal_isf": 50.0,
        "n_readings": 18260,
        "short": {
          "corr": -0.43225219619241406,
          "best_lag": 0,
          "n_windows": 3040,
          "isf_mean": 0.9760855263157894,
          "isf_std": 0.45880688295092525,
          "tir_mean": 0.8499725877192984
        },
        "medium": {
          "corr": -0.4138276437571029,
          "best_lag": 0,
          "n_windows": 757,
          "isf_mean": 0.8994715984147952,
          "isf_std": 0.3174780672260241,
          "tir_mean": 0.8499697269925142
        },
        "long": {
          "corr": -0.27554575501845235,
          "best_lag": 0,
          "n_windows": 250,
          "isf_mean": 0.8472,
          "isf_std": 0.20182209988006763,
          "tir_mean": 0.8510555555555557
        }
      },
      "i": {
        "nominal_isf": 50.0,
        "n_readings": 90399,
        "short": {
          "corr": 0.11133726589655668,
          "best_lag": 1,
          "n_windows": 15063,
          "isf_mean": 0.8706101042289053,
          "isf_std": 0.21892458833933737,
          "tir_mean": 0.5997753878156188
        },
        "medium": {
          "corr": 0.22225380155148475,
          "best_lag": 0,
          "n_windows": 3763,
          "isf_mean": 0.9349189476481531,
          "isf_std": 0.16820925356253133,
          "tir_mean": 0.5997929400301178
        },
        "long": {
          "corr": 0.29902833816852475,
          "best_lag": 0,
          "n_windows": 1252,
          "isf_mean": 0.9452875399361023,
          "isf_std": 0.15608579930828195,
          "tir_mean": 0.5997404153354633
        }
      },
      "j": {
        "nominal_isf": 50.0,
        "n_readings": 26213,
        "short": {
          "corr": -0.36183984960219534,
          "best_lag": 0,
          "n_windows": 4365,
          "isf_mean": 0.6939518900343642,
          "isf_std": 0.2794612432158931,
          "tir_mean": 0.8085910652920962
        },
        "medium": {
          "corr": -0.49470985731985984,
          "best_lag": 0,
          "n_windows": 1089,
          "isf_mean": 0.6279155188246097,
          "isf_std": 0.17118226671256587,