{
  "experiment": "EXP-184",
  "name": "override-utility",
  "results": {
    "f1_macro": 0.5396330310503594,
    "mean_utility": 0.3178409839666154,
    "positive_utility_rate": 0.5875247089830881,
    "negative_utility_rate": 0.39167581814188446,
    "zero_utility_rate": 0.020799472875027456,
    "confidence_gated": {
      "0.3": {
        "utility": 0.3185210461430081,
        "coverage": 0.9976718647045903,
        "f1": 0.540797674861297,
        "n_samples": 45424
      },
      "0.5": {
        "utility": 0.3447968745731224,
        "coverage": 0.8039314737535691,
        "f1": 0.5933916042696223,
        "n_samples": 36603
      },
      "0.7": {
        "utility": 0.3762532710759916,
        "coverage": 0.4280474412475291,
        "f1": 0.6690354320236547,
        "n_samples": 19489
      },
      "0.8": {
        "utility": 0.3845036535376938,
        "coverage": 0.24647485174610148,
        "f1": 0.6948480830140462,
        "n_samples": 11222
      },
      "0.9": {
        "utility": 0.3837454848569047,
        "coverage": 0.07904678234131342,
        "f1": 0.7461675745563837,
        "n_samples": 3599
      }
    },
    "utility_matrix_size": 18,
    "n_classes": 6,
    "comparison": {
      "exp123_f1": 0.13,
      "exp180_f1": 0.618,
      "exp184_f1": 0.5396330310503594,
      "exp184_utility": 0.3178409839666154
    }
  }
}