{
  "experiment": "EXP-197",
  "name": "override-temporal-gating",
  "results": {
    "base_f1": 0.6783269265649949,
    "base_utility": 0.39630792883812876,
    "best_conf_threshold": 0.8999999999999999,
    "best_conf_utility": 0.6439925633279107,
    "best_conf_coverage": 0.2835273446079508,
    "meta_utility_pred_f1": 0.5254169280277067,
    "meta_gated_utility": 0.20425675675675678,
    "meta_coverage": 0.7584187408491947,
    "entropy_mean": 0.5301901698112488,
    "utility_positive_rate": 0.6663079288381287,
    "n_classes": 6
  }
}