{
  "experiment": "EXP-165",
  "name": "production-v8",
  "results": {
    "ensemble_mae_mgdl": 0.905903501517973,
    "ensemble_hypo_mae_mgdl": 1.0315639607892158,
    "persistence_mae_mgdl": 34.31648655280201,
    "improvement_vs_persistence": 97.3601507831401,
    "individual_maes": {
      "d32_L2": 1.2149825178238027,
      "d64_L2": 0.7363974334218759,
      "d64_L4": 0.9453362960246804,
      "d128_L6": 0.6881902230732608,
      "d32_L6": 2.3052108493080423
    },
    "pi_90_width_mgdl": 2.6930336952209473,
    "pi_coverage_90": 0.8999935749164739,
    "n_ensemble_members": 5,
    "components": [
      "diverse_ensemble",
      "hypo_weighting",
      "asymmetric_pi"
    ],
    "hypo_weight": 3.0,
    "n_train": 25937,
    "n_val": 6485
  }
}