{
  "experiment": "EXP-153",
  "name": "gen2-ablation",
  "results": {
    "forecast_dominant": {
      "weights": {
        "forecast": 1.0,
        "event": 0.1,
        "drift": 0.1,
        "state": 0.05
      },
      "best_val": 0.12770729497945466,
      "epochs": 27,
      "last_epoch": {
        "epoch": 26,
        "train_loss": 0.11691487219841691,
        "val_loss": 0.1293912866255973,
        "forecast": 0.0011707043215247554,
        "event": 0.7678904057461389,
        "drift": 0.028477880676105922,
        "state": 0.7224630800132849
      },
      "checkpoint": "externals/experiments/gen2_ablation_forecast_dominant.pth"
    },
    "balanced": {
      "weights": {
        "forecast": 1.0,
        "event": 0.5,
        "drift": 0.3,
        "state": 0.2
      },
      "best_val": 0.5975965606188417,
      "epochs": 28,
      "last_epoch": {
        "epoch": 27,
        "train_loss": 0.5199314832877656,
        "val_loss": 0.6272620767630824,
        "forecast": 0.003742337817853621,
        "event": 0.7253865115344524,
        "drift": 0.02860648251775348,
        "state": 0.7244171164169604
      },
      "checkpoint": "externals/experiments/gen2_ablation_balanced.pth"
    },
    "event_heavy": {
      "weights": {
        "forecast": 0.5,
        "event": 1.0,
        "drift": 0.3,
        "state": 0.2
      },
      "best_val": 1.040220324505338,
      "epochs": 25,
      "last_epoch": {
        "epoch": 24,
        "train_loss": 0.9120562380062326,
        "val_loss": 1.0814905779223984,
        "forecast": 0.008042716938522359,
        "event": 0.7503554611181726,
        "drift": 0.02982917034342809,
        "state": 0.7458190597137626
      },
      "checkpoint": "externals/experiments/gen2_ablation_event_heavy.pth"
    }
  }
}