{
  "experiment": "EXP-175",
  "name": "conformal-calibrated",
  "results": {
    "conformal": {
      "90pct": {
        "target_coverage": 0.9,
        "adaptive_coverage": 0.8947733580018501,
        "global_coverage": 0.8968033713639634,
        "adaptive_width_mgdl": 65.3438087333359,
        "global_width_mgdl": 65.97848890564605,
        "per_step_quantiles": [
          18.51056640785024,
          21.415068883501693,
          24.922297301813074,
          28.13014425693067,
          30.765626904406993,
          32.828576872188464,
          34.82901458457838,
          36.3255041453075,
          38.19623916197676,
          40.12764722693488,
          41.62629962923496,
          44.385867025291816
        ]
      },
      "80pct": {
        "target_coverage": 0.8,
        "adaptive_coverage": 0.7962020762668311,
        "global_coverage": 0.8003134957344022,
        "adaptive_width_mgdl": 44.059147237775356,
        "global_width_mgdl": 43.632164630972255,
        "per_step_quantiles": [
          12.046375364377718,
          14.514316455292747,
          17.121778479922636,
          19.098656777906093,
          21.062055046509844,
          22.26974776230941,
          23.908906565412632,
          24.772470581318256,
          25.22570488675004,
          26.964232944250842,
          27.985425617869883,
          29.385212944732046
        ]
      },
      "70pct": {
        "target_coverage": 0.7,
        "adaptive_coverage": 0.6962688868331791,
        "global_coverage": 0.700277520814061,
        "adaptive_width_mgdl": 32.10471578005188,
        "global_width_mgdl": 31.431657146922166,
        "per_step_quantiles": [
          9.089914418972988,
          10.9254442202611,
          12.450143564343087,
          14.256813723830662,
          15.236684364422393,
          16.558780901965942,
          17.11935124229605,
          17.803315915714293,
          18.500762687650166,
          19.425649939459976,
          20.23029350866733,
          21.031140192727282
        ]
      }
    },
    "test_mae_mgdl": 14.26735338212432,
    "persistence_mae_mgdl": 34.31648655280201,
    "n_calibration": 3242,
    "n_test": 3243,
    "epochs": 100,
    "causal_masked": true
  }
}