{
  "experiment": "EXP-177",
  "name": "curriculum-forecast",
  "results": {
    "curriculum": {
      "overall_mae": 42.34052751943588,
      "volatile_mae": 55.551246944171496,
      "calm_mae": 39.30404125232673
    },
    "standard": {
      "overall_mae": 17.220623714983294,
      "volatile_mae": 27.71388319616664,
      "calm_mae": 14.808746004882313
    },
    "persistence_mae_mgdl": 34.31648655280201,
    "curriculum_helps": false,
    "volatile_improvement": -100.4455548540931,
    "epochs": 100,
    "causal_masked": true
  }
}