{
  "experiment": "EXP-174",
  "name": "diverse-masked-ensemble",
  "results": {
    "ensemble_mae_mgdl": 14.81001085738724,
    "ensemble_hypo_mae_mgdl": 17.476189044469013,
    "individual_maes": {
      "d64_L3_m0": 15.236757074619314,
      "d32_L2_m15": 13.325783985680095,
      "d64_L4_m30": 12.994480426585389,
      "d128_L6_m50": 15.461093797686166,
      "d32_L6_m0": 33.9369637565054
    },
    "persistence_mae_mgdl": 34.31648655280201,
    "improvement_vs_persistence": 56.842869579321864,
    "glucose_importance": 0.7478728138041955,
    "mae_without_glucose_mgdl": 58.74023773812966,
    "configs": [
      "d64_L3_m0",
      "d32_L2_m15",
      "d64_L4_m30",
      "d128_L6_m50",
      "d32_L6_m0"
    ],
    "mask_rates": [
      0.0,
      0.15,
      0.3,
      0.5,
      0.0
    ],
    "epochs": 150,
    "causal_masked": true
  }
}