{
  "experiment": "EXP-196",
  "name": "personalized-ensemble",
  "results": {
    "global_ensemble_mae": 12.306902557611465,
    "mean_optimized_mae": 11.89538985490799,
    "mean_improvement_pct": 3.4789674194455835,
    "n_members": 5,
    "member_maes": [
      25.89633581216765,
      42.60300943421553,
      35.58367108211651,
      36.55141538035021,
      27.890242827602496
    ],
    "per_patient": {
      "a": {
        "equal_mae": 11.292533576488495,
        "optimized_mae": 11.147157847881317,
        "improvement_pct": 1.2873614908691156,
        "weights": [
          0.1748189069956877,
          0.014401501017406277,
          0.4882997656181458,
          0.07457685700311502,
          0.2479029693656452
        ],
        "n_val": 83
      },
      "b": {
        "equal_mae": 16.035225987434387,
        "optimized_mae": 15.499892830848694,
        "improvement_pct": 3.3384821455288134,
        "weights": [
          0.010544336692085177,
          0.0986577708051273,
          0.6687297637964215,
          0.14312542405024511,
          0.07894270465612085
        ],
        "n_val": 83
      },
      "c": {
        "equal_mae": 13.630829751491547,
        "optimized_mae": 13.514366745948792,
        "improvement_pct": 0.8544087752985926,
        "weights": [
          0.19156446960186302,
          0.1290884328911546,
          0.27417632715980367,
          0.32127690301727263,
          0.0838938673299059
        ],
        "n_val": 73
      },
      "d": {
        "equal_mae": 8.283212780952454,
        "optimized_mae": 8.11055302619934,
        "improvement_pct": 2.084453934953236,
        "weights": [
          0.13948137781448175,
          0.26466002597869814,
          0.27416601082728354,
          0.2987213932806313,
          0.02297119209890528
        ],
        "n_val": 77
      },
      "e": {
        "equal_mae": 10.164110362529755,
        "optimized_mae": 9.513764828443527,
        "improvement_pct": 6.398450143592916,
        "weights": [
          0.28957441774401227,
          0.018599457301656012,
          0.4490473802703494,
          0.14301409778305202,
          0.09976464690093018
        ],
        "n_val": 70
      },
      "f": {
        "equal_mae": 9.41237062215805,
        "optimized_mae": 9.212151914834976,
        "improvement_pct": 2.1271868199891237,
        "weights": [
          0.14322305182876086,
          0.08138850032001621,
          0.5035886883016478,
          0.05363144083011678,
          0.2181683187194582
        ],
        "n_val": 81
      },
      "g": {
        "equal_mae": 9.249985218048096,
        "optimized_mae": 8.838900178670883,
        "improvement_pct": 4.444169689862039,
        "weights": [
          0.28957441774401227,
          0.018599457301656012,
          0.4490473802703494,
          0.14301409778305202,
          0.09976464690093018
        ],
        "n_val": 80
      },
      "h": {
        "equal_mae": 13.249941170215607,
        "optimized_mae": 12.268471717834473,
        "improvement_pct": 7.407349510255699,
        "weights": [
          0.2344921135262806,
          0.014993844357446565,
          0.45083904943785136,
          0.09619712949879045,
          0.20347786317963112
        ],
        "n_val": 29
      },
      "i": {
        "equal_mae": 10.760986059904099,
        "optimized_mae": 10.49407348036766,
        "improvement_pct": 2.4803728770820164,
        "weights": [
          0.1179845435645068,
          0.012232482550420807,
          0.3642083380821972,
          0.30216110196626395,
          0.20341353383661112
        ],
        "n_val": 82
      },
      "j": {
        "equal_mae": 21.284137666225433,
        "optimized_mae": 20.354565978050232,
        "improvement_pct": 4.36743880702428,
        "weights": [
          0.6033459653939749,
          0.07793045100493083,
          0.014487195961664725,
          0.10153263315267194,
          0.20270375448675776
        ],
        "n_val": 28
      }
    },
    "persistence_mae": 34.31648655280201
  }
}