{
  "experiment": "EXP-173",
  "name": "forecast-worst-patient",
  "results": {
    "per_patient_base": {
      "a": 14.597221933255659,
      "b": 17.79059092203776,
      "c": 12.6635421738521,
      "d": 10.276565121644296,
      "e": 11.24978558507984,
      "f": 11.009238366913378,
      "g": 11.301618640549517,
      "h": 14.110226815206962,
      "i": 11.572004441399432,
      "j": 16.236543728195073
    },
    "per_patient_finetuned": {
      "b": 16.853479597303604,
      "j": 15.986409825526424,
      "a": 12.619872288337772
    },
    "worst_patients": [
      "b",
      "j",
      "a"
    ],
    "persistence_mae_mgdl": 34.31648655280201,
    "ft_epochs": 30,
    "base_epochs": 100,
    "causal_masked": true
  }
}