{
  "experiment": "EXP-210",
  "name": "class-rebalanced-xgb",
  "results": {
    "baseline_weighted_f1": 0.6847949322029746,
    "baseline_macro_f1": 0.6344335228005512,
    "cost_sensitive_weighted_f1": 0.6539223153784964,
    "cost_sensitive_macro_f1": 0.6516717316979531,
    "oversampled_weighted_f1": 0.6787495879633897,
    "oversampled_macro_f1": 0.6588702240009664,
    "combined_weighted_f1": 0.5722466351541222,
    "combined_macro_f1": 0.5870323762459211,
    "best_weighted_f1": 0.6847949322029746,
    "best_macro_f1": 0.6588702240009664,
    "n_classes": 6,
    "class_distribution": {
      "0": 42791,
      "1": 41041,
      "2": 241064,
      "3": 12952,
      "4": 12785,
      "5": 126384
    }
  }
}