{
  "experiment": "EXP-204",
  "name": "hybrid-xgb-nn-event-fusion",
  "results": {
    "xgb_f1": 0.6847949322029746,
    "cnn_f1": 0.6694626149126149,
    "fusion_lr_f1": 0.6737770808710589,
    "fusion_xgb_f1": 0.6792623598370026,
    "fusion_avg_f1": 0.6850397473031362,
    "weighted_results": {
      "w0.7": 0.6837171750711576,
      "w0.8": 0.6847220990679077,
      "w0.9": 0.6853382420465656
    },
    "best_fusion_f1": 0.6853382420465656,
    "best_method": "w0.9",
    "improvement_pct": 0.07933905728008359,
    "n_classes": 6
  }
}