{
  "experiment": "EXP-220: Per-Patient Feature Importance",
  "hypothesis": "Different patients rely on different features",
  "global_importance": {
    "glucose_now": 0.011936672031879425,
    "iob_now": 0.05891389399766922,
    "cob_now": 0.038394585251808167,
    "net_basal_now": 0.06158900260925293,
    "bolus_now": 0.014579295180737972,
    "carbs_now": 0.012691402807831764,
    "time_sin": 0.022531716153025627,
    "time_cos": 0.013838991522789001,
    "glucose_trend": 0.010034139268100262,
    "glucose_mean": 0.007197406608611345,
    "glucose_std": 0.014422534964978695,
    "glucose_min": 0.012089507654309273,
    "glucose_max": 0.019497739151120186,
    "iob_change": 0.013494905084371567,
    "carbs_total": 0.12552231550216675,
    "bolus_total": 0.03272690623998642,
    "hour_of_day": 0.030065275728702545,
    "lead_time_hr": 0.4727025330066681,
    "glucose_accel": 0.005136735737323761,
    "iob_velocity": 0.01344611868262291,
    "cob_velocity": 0.009188393130898476
  },
  "per_patient": {
    "a": {
      "f1": 0.8416,
      "top_features": [
        [
          "lead_time_hr",
          0.7469795942306519
        ],
        [
          "glucose_now",
          0.039502549916505814
        ],
        [
          "bolus_total",
          0.01804496720433235
        ],
        [
          "net_basal_now",
          0.018043484538793564
        ],
        [
          "glucose_trend",
          0.01646777242422104
        ]
      ],
      "all_importance": {
        "glucose_now": 0.0395,
        "iob_now": 0.01,
        "cob_now": 0.0104,
        "net_basal_now": 0.018,
        "bolus_now": 0.0045,
        "carbs_now": 0.007,
        "time_sin": 0.0096,
        "time_cos": 0.0125,
        "glucose_trend": 0.0165,
        "glucose_mean": 0.008,
        "glucose_std": 0.0098,
        "glucose_min": 0.011,
        "glucose_max": 0.0108,
        "iob_change": 0.0105,
        "carbs_total": 0.0126,
        "bolus_total": 0.018,
        "hour_of_day": 0.0159,
        "lead_time_hr": 0.747,
        "glucose_accel": 0.0082,
        "iob_velocity": 0.0106,
        "cob_velocity": 0.0094
      }
    },
    "b": {
      "f1": 0.6672,
      "top_features": [
        [
          "cob_now",
          0.256229430437088
        ],
        [
          "lead_time_hr",
          0.1443178504705429
        ],
        [
          "carbs_total",
          0.14064952731132507
        ],
        [
          "iob_change",
          0.09240854531526566
        ],
        [
          "iob_now",
          0.08199674636125565
        ]
      ],
      "all_importance": {
        "glucose_now": 0.0111,
        "iob_now": 0.082,
        "cob_now": 0.2562,
        "net_basal_now": 0.014,
        "bolus_now": 0.0081,
        "carbs_now": 0.0474,
        "time_sin": 0.0392,
        "time_cos": 0.0359,
        "glucose_trend": 0.0142,
        "glucose_mean": 0.0102,
        "glucose_std": 0.0138,
        "glucose_min": 0.0139,
        "glucose_max": 0.0212,
        "iob_change": 0.0924,
        "carbs_total": 0.1406,
        "bolus_total": 0.0254,
        "hour_of_day": 0.0158,
        "lead_time_hr": 0.1443,
        "glucose_accel": 0.0092,
        "iob_velocity": 0.0035,
        "cob_velocity": 0.0017
      }
    },
    "c": {
      "f1": 0.6602,
      "top_features": [
        [
          "lead_time_hr",
          0.32690826058387756
        ],
        [
          "net_basal_now",
          0.0807771310210228
        ],
        [
          "iob_now",
          0.05648139864206314
        ],
        [
          "iob_velocity",
          0.04924730584025383
        ],
        [
          "glucose_max",
          0.043521732091903687
        ]
      ],
      "all_importance": {
        "glucose_now": 0.0295,
        "iob_now": 0.0565,
        "cob_now": 0.0425,
        "net_basal_now": 0.0808,
        "bolus_now": 0.0245,
        "carbs_now": 0.0053,
        "time_sin": 0.0316,
        "time_cos": 0.0346,
        "glucose_trend": 0.0189,
        "glucose_mean": 0.0232,
        "glucose_std": 0.033,
        "glucose_min": 0.0392,
        "glucose_max": 0.0435,
        "iob_change": 0.0312,
        "carbs_total": 0.0346,
        "bolus_total": 0.027,
        "hour_of_day": 0.0321,
        "lead_time_hr": 0.3269,
        "glucose_accel": 0.0165,
        "iob_velocity": 0.0492,
        "cob_velocity": 0.0194
      }
    },
    "d": {
      "f1": 0.9386,
      "top_features": [
        [
          "lead_time_hr",
          0.7983031868934631
        ],
        [
          "hour_of_day",
          0.026067988947033882
        ],
        [
          "time_sin",
          0.02423841878771782
        ],
        [
          "time_cos",
          0.01994187943637371
        ],
        [
          "carbs_total",
          0.01663370616734028
        ]
      ],
      "all_importance": {
        "glucose_now": 0.006,
        "iob_now": 0.0074,
        "cob_now": 0.009,
        "net_basal_now": 0.0059,
        "bolus_now": 0.0031,
        "carbs_now": 0.005,
        "time_sin": 0.0242,
        "time_cos": 0.0199,
        "glucose_trend": 0.0056,
        "glucose_mean": 0.0147,
        "glucose_std": 0.006,
        "glucose_min": 0.0095,
        "glucose_max": 0.0122,
        "iob_change": 0.0055,
        "carbs_total": 0.0166,
        "bolus_total": 0.0045,
        "hour_of_day": 0.0261,
        "lead_time_hr": 0.7983,
        "glucose_accel": 0.0038,
        "iob_velocity": 0.0041,
        "cob_velocity": 0.0126
      }
    },
    "e": {
      "f1": 0.6805,
      "top_features": [
        [
          "glucose_max",
          0.1773785799741745
        ],
        [
          "lead_time_hr",
          0.16218876838684082
        ],
        [
          "iob_now",
          0.06405021250247955
        ],
        [
          "net_basal_now",
          0.06041579321026802
        ],
        [
          "bolus_total",
          0.0515136644244194
        ]
      ],
      "all_importance": {
        "glucose_now": 0.0404,
        "iob_now": 0.0641,
        "cob_now": 0.0333,
        "net_basal_now": 0.0604,
        "bolus_now": 0.0229,
        "carbs_now": 0.0084,
        "time_sin": 0.0335,
        "time_cos": 0.0447,
        "glucose_trend": 0.0252,
        "glucose_mean": 0.04,
        "glucose_std": 0.0261,
        "glucose_min": 0.0317,
        "glucose_max": 0.1774,
        "iob_change": 0.0345,
        "carbs_total": 0.034,
        "bolus_total": 0.0515,
        "hour_of_day": 0.0479,
        "lead_time_hr": 0.1622,
        "glucose_accel": 0.0142,
        "iob_velocity": 0.0283,
        "cob_velocity": 0.0195
      }
    },
    "f": {
      "f1": 0.6183,
      "top_features": [
        [
          "lead_time_hr",
          0.948174774646759
        ],
        [
          "glucose_now",
          0.0057302238419651985
        ],
        [
          "bolus_total",
          0.005588161759078503
        ],
        [
          "hour_of_day",
          0.004264998249709606
        ],
        [
          "glucose_min",
          0.004036948550492525
        ]
      ],
      "all_importance": {
        "glucose_now": 0.0057,
        "iob_now": 0.0029,
        "cob_now": 0.001,
        "net_basal_now": 0.0033,
        "bolus_now": 0.0008,
        "carbs_now": 0.0004,
        "time_sin": 0.0022,
        "time_cos": 0.0029,
        "glucose_trend": 0.0026,
        "glucose_mean": 0.0018,
        "glucose_std": 0.0019,
        "glucose_min": 0.004,
        "glucose_max": 0.0021,
        "iob_change": 0.0019,
        "carbs_total": 0.0032,
        "bolus_total": 0.0056,
        "hour_of_day": 0.0043,
        "lead_time_hr": 0.9482,
        "glucose_accel": 0.0016,
        "iob_velocity": 0.0015,
        "cob_velocity": 0.0019
      }
    },
    "g": {
      "f1": 0.7307,