{
  "experiment": "EXP-208",
  "name": "production-v12-integrated",
  "results": {
    "ensemble_mae": 18.024232864379883,
    "mean_per_patient_mae": 18.13584852218628,
    "persistence_mae": 34.34881657668109,
    "event_f1": 0.6847949322029746,
    "median_drift_corr": 0.008280730200534261,
    "n_ensemble_members": 4,
    "per_patient_mae": {
      "a": 16.406776428222656,
      "b": 20.995681762695312,
      "c": 19.77205467224121,
      "d": 13.755806922912598,
      "e": 13.892744064331055,
      "f": 15.05817699432373,
      "g": 14.11597728729248,
      "h": 21.206806182861328,
      "i": 19.62825584411621,
      "j": 26.52620506286621
    },
    "per_patient_drift": {
      "a": 0.025021090179683944,
      "b": -0.2278155445358499,
      "c": -0.295871064166948,
      "d": 0.0048786619207942476,
      "e": 0.32128997123390785,
      "f": -0.05811708567624289,
      "g": 0.011682798480274275,
      "h": -0.2548347252279357,
      "i": 0.0930236181027302,
      "j": 0.14184212446384906
    },
    "horizon_quantiles": {
      "0": {
        "q90": 35.12467575073242,
        "q95": 40.90508270263672
      },
      "1": {
        "q90": 34.46992111206055,
        "q95": 40.67426681518555
      },
      "2": {
        "q90": 32.45831298828125,
        "q95": 40.15480041503906
      },
      "3": {
        "q90": 32.6733283996582,
        "q95": 41.55564880371094
      },
      "4": {
        "q90": 34.750118255615234,
        "q95": 43.69978332519531
      },
      "5": {
        "q90": 35.599510192871094,
        "q95": 45.95918655395508
      },
      "6": {
        "q90": 36.7037467956543,
        "q95": 47.14984130859375
      },
      "7": {
        "q90": 38.0119514465332,
        "q95": 49.63115310668945
      },
      "8": {
        "q90": 40.130252838134766,
        "q95": 52.41429901123047
      },
      "9": {
        "q90": 41.109397888183594,
        "q95": 55.418827056884766
      },
      "10": {
        "q90": 42.655967712402344,
        "q95": 57.2697639465332
      },
      "11": {
        "q90": 45.09007263183594,
        "q95": 59.78094482421875
      }
    },
    "conformal_coverage_target": 0.9
  }
}