{
  "selective": {
    "channels_masked": [
      0,
      4,
      5,
      12,
      13,
      14,
      15
    ],
    "seeds": {
      "42": {
        "mae": 18.5830020904541,
        "val_loss": 0.0025395876626033874,
        "epochs": 148
      },
      "456": {
        "mae": 17.766399383544922,
        "val_loss": 0.0024979293352149503,
        "epochs": 149
      }
    },
    "mean_mae": 18.17470073699951
  },
  "oracle_ch0": {
    "channels_masked": [
      0
    ],
    "seeds": {
      "42": {
        "mae": 17.908222198486328,
        "val_loss": 0.0024744042896564385,
        "epochs": 138
      }
    },
    "mean_mae": 17.908222198486328
  },
  "persistence_mae": 22.747314453125,
  "elapsed_seconds": 4620.953977584839,
  "full_mask_mae_exp229": 25.1
}