{
  "experiment": "EXP-202",
  "name": "xgb-event-temporal-expanded",
  "results": {
    "baseline_f1": 0.6783269265649949,
    "expanded_f1": 0.6821777526725253,
    "best_sweep_f1": 0.6864948707000169,
    "best_params": {
      "max_depth": 8,
      "n_estimators": 300,
      "learning_rate": 0.08
    },
    "n_base_features": 21,
    "n_expanded_features": 29,
    "top_features": [
      [
        "carbs_total",
        0.13675136864185333
      ],
      [
        "lead_time_hr",
        0.1250980943441391
      ],
      [
        "net_basal_now",
        0.1129385456442833
      ],
      [
        "glucose_curvature",
        0.05391383171081543
      ],
      [
        "circadian_proxy",
        0.0490669347345829
      ],
      [
        "bolus_total",
        0.04372759163379669
      ],
      [
        "glucose_cv",
        0.04076115041971207
      ],
      [
        "iob_now",
        0.03736557438969612
      ],
      [
        "iob_glucose_interaction",
        0.03179265558719635
      ],
      [
        "abs_trend",
        0.0308541189879179
      ],
      [
        "hour_of_day",
        0.028476128354668617
      ],
      [
        "cob_now",
        0.02511242963373661
      ],
      [
        "iob_glucose_ratio",
        0.024948418140411377
      ],
      [
        "time_sin",
        0.024893760681152344
      ],
      [
        "glucose_max",
        0.024520769715309143
      ]
    ],
    "new_features_in_top15": [
      "glucose_curvature",
      "circadian_proxy",
      "glucose_cv",
      "iob_glucose_interaction",
      "abs_trend",
      "iob_glucose_ratio"
    ],
    "n_classes": 6
  }
}