{
  "experiment": "EXP-203",
  "name": "multi-timescale-confidence",
  "results": {
    "model_mae": 63.137896326109576,
    "global_q90": 37.67887039184571,
    "global_q95": 51.40574169158932,
    "horizon_quantiles": {
      "0": {
        "q90": 15.595269203186037,
        "q95": 19.704679298400865,
        "mean": 7.4306148938025425,
        "median": 5.882680416107178
      },
      "1": {
        "q90": 20.93369979858399,
        "q95": 27.63316001892089,
        "mean": 9.509996768476995,
        "median": 6.8345842361450195
      },
      "2": {
        "q90": 26.248735809326195,
        "q95": 34.67489051818842,
        "mean": 11.407179618674927,
        "median": 7.887578010559082
      },
      "3": {
        "q90": 29.595877838134776,
        "q95": 38.80351600646965,
        "mean": 12.831730331033041,
        "median": 8.763921737670898
      },
      "4": {
        "q90": 32.26373977661133,
        "q95": 43.13277893066397,
        "mean": 14.284783600972965,
        "median": 9.767866134643555
      },
      "5": {
        "q90": 35.838942718505876,
        "q95": 47.7445831298828,
        "mean": 15.383788136717348,
        "median": 10.338174819946289
      },
      "6": {
        "q90": 38.77761917114258,
        "q95": 51.77891273498532,
        "mean": 16.601662446812245,
        "median": 10.831033706665039
      },
      "7": {
        "q90": 42.04508514404301,
        "q95": 57.877809524536005,
        "mean": 17.829670984856907,
        "median": 11.464786529541016
      },
      "8": {
        "q90": 45.66551208496095,
        "q95": 62.44000587463371,
        "mean": 19.404164935581797,
        "median": 12.636268615722656
      },
      "9": {
        "q90": 48.82488708496094,
        "q95": 66.12545928955068,
        "mean": 20.92180203036291,
        "median": 13.802278518676758
      },
      "10": {
        "q90": 51.00303497314455,
        "q95": 69.26506347656249,
        "mean": 22.124695738708166,
        "median": 14.429033279418945
      },
      "11": {
        "q90": 54.40764923095705,
        "q95": 71.5491500854492,
        "mean": 22.863608233990135,
        "median": 14.797889709472656
      }
    },
    "coverage_results": {
      "0": {
        "global_q90_coverage": 0.9979445015416238,
        "perhorizon_q90_coverage": 0.8900308324768756,
        "improvement": -0.1079136690647482
      },
      "1": {
        "global_q90_coverage": 0.9809866392600206,
        "perhorizon_q90_coverage": 0.8797533401849948,
        "improvement": -0.10123329907502576
      },
      "2": {
        "global_q90_coverage": 0.9573484069886947,
        "perhorizon_q90_coverage": 0.8900308324768756,
        "improvement": -0.06731757451181908
      },
      "3": {
        "global_q90_coverage": 0.9388489208633094,
        "perhorizon_q90_coverage": 0.8890030832476875,
        "improvement": -0.04984583761562189
      },
      "4": {
        "global_q90_coverage": 0.9224049331963001,
        "perhorizon_q90_coverage": 0.8864337101747174,
        "improvement": -0.03597122302158273
      },
      "5": {
        "global_q90_coverage": 0.8997944501541624,
        "perhorizon_q90_coverage": 0.8890030832476875,
        "improvement": -0.010791366906474864
      },
      "6": {
        "global_q90_coverage": 0.8843782117163412,
        "perhorizon_q90_coverage": 0.894655704008222,
        "improvement": 0.010277492291880796
      },
      "7": {
        "global_q90_coverage": 0.8699897225077081,
        "perhorizon_q90_coverage": 0.8900308324768756,
        "improvement": 0.020041109969167525
      },
      "8": {
        "global_q90_coverage": 0.8514902363823227,
        "perhorizon_q90_coverage": 0.8961973278520041,
        "improvement": 0.04470709146968144
      },
      "9": {
        "global_q90_coverage": 0.8324768756423433,
        "perhorizon_q90_coverage": 0.8987667009249743,
        "improvement": 0.06628982528263105
      },
      "10": {
        "global_q90_coverage": 0.8191161356628982,
        "perhorizon_q90_coverage": 0.8967112024665982,
        "improvement": 0.07759506680369999
      },
      "11": {
        "global_q90_coverage": 0.8078108941418294,
        "perhorizon_q90_coverage": 0.9003083247687564,
        "improvement": 0.09249743062692706
      }
    },
    "global_pi_width": 75.35774078369143,
    "mean_perhorizon_pi_width": 73.53334213892622,
    "avg_global_coverage": 0.896882494004796,
    "avg_perhorizon_coverage": 0.8917437478588558,
    "persistence_mae": 34.31648655280201,
    "n_cal": 4539,
    "n_test": 1946
  }
}