{
  "experiment": "EXP-207",
  "name": "drift-adaptive-ensemble-online",
  "results": {
    "median_corr": -0.06223864394517334,
    "mean_corr": -0.039524782473174876,
    "comparison_exp194": -0.328,
    "per_patient": {
      "a": {
        "best_window": 4,
        "best_corr": -0.056126418603823246,
        "smoothed_corr": -0.06012731612277977,
        "window_corrs": {
          "4": {
            "corr": -0.056126418603823246,
            "pval": 0.124856401222283
          },
          "8": {
            "corr": -0.03423151684053801,
            "pval": 0.35014972183344395
          },
          "12": {
            "corr": 0.01747576921040303,
            "pval": 0.6336814000535523
          },
          "16": {
            "corr": -0.013667573926524314,
            "pval": 0.709376297268277
          },
          "24": {
            "corr": -0.0032109070769098308,
            "pval": 0.9302322219089592
          },
          "36": {
            "corr": -0.027090822065523074,
            "pval": 0.4600123869829431
          },
          "48": {
            "corr": -0.0016089277390839013,
            "pval": 0.9650072460123116
          }
        },
        "n_samples": 751,
        "isf": 40.0
      },
      "b": {
        "best_window": 16,
        "best_corr": -0.09678209237422322,
        "smoothed_corr": -0.04207241180745594,
        "window_corrs": {
          "4": {
            "corr": -0.006208824956502432,
            "pval": 0.8637827943913119
          },
          "8": {
            "corr": -0.05053795367068716,
            "pval": 0.16286468395168105
          },
          "12": {
            "corr": -0.08203428530020485,
            "pval": 0.02344565055212133
          },
          "16": {
            "corr": -0.09678209237422322,
            "pval": 0.007467165157090186
          },
          "24": {
            "corr": -0.07704062442789962,
            "pval": 0.03335987604801013
          },
          "36": {
            "corr": -0.03761772948351989,
            "pval": 0.2993828522675899
          },
          "48": {
            "corr": -0.018630156123867436,
            "pval": 0.6073837672200675
          }
        },
        "n_samples": 768,
        "isf": 40.0
      },
      "c": {
        "best_window": 36,
        "best_corr": 0.030857389149126127,
        "smoothed_corr": 0.007669380606801536,
        "window_corrs": {
          "4": {
            "corr": -0.018018974963048745,
            "pval": 0.6331580561780727
          },
          "8": {
            "corr": -0.02390126003659365,
            "pval": 0.5272350188067026
          },
          "12": {
            "corr": -0.010530249035586763,
            "pval": 0.7807718754831702
          },
          "16": {
            "corr": -0.006110214346236487,
            "pval": 0.8717080356253876
          },
          "24": {
            "corr": 0.004648900053811803,
            "pval": 0.9022122916990681
          },
          "36": {
            "corr": 0.030857389149126127,
            "pval": 0.4146551800029496
          },
          "48": {
            "corr": 0.012018707789985112,
            "pval": 0.7507460789690339
          }
        },
        "n_samples": 706,
        "isf": 40.0
      },
      "d": {
        "best_window": 4,
        "best_corr": -0.05461408820711383,
        "smoothed_corr": -0.09833082962061834,
        "window_corrs": {
          "4": {
            "corr": -0.05461408820711383,
            "pval": 0.13694194809128885
          },
          "8": {
            "corr": -0.009561982139204235,
            "pval": 0.7949746645047279
          },
          "12": {
            "corr": -0.008814981007677636,
            "pval": 0.8108010994282376
          },
          "16": {
            "corr": -0.03855916681014428,
            "pval": 0.2948510000317605
          },
          "24": {
            "corr": -0.0531779929039225,
            "pval": 0.14840874022930833
          },
          "36": {
            "corr": 0.012181094889560887,
            "pval": 0.7407852034399129
          },
          "48": {
            "corr": -0.008574484993757214,
            "pval": 0.8158692050900694
          }
        },
        "n_samples": 745,
        "isf": 40.0
      },
      "e": {
        "best_window": 12,
        "best_corr": 0.07305623360839217,
        "smoothed_corr": -0.0009952564870260084,
        "window_corrs": {
          "4": {
            "corr": 0.0010061764252020787,
            "pval": 0.97932306247459
          },
          "8": {
            "corr": 0.054207692623145835,
            "pval": 0.16294690518306934
          },
          "12": {
            "corr": 0.07305623360839217,
            "pval": 0.06009819694239261
          },
          "16": {
            "corr": 0.03734295724742394,
            "pval": 0.33702689003973996
          },
          "24": {
            "corr": 0.0712481200016644,
            "pval": 0.0667399420021232
          },
          "36": {
            "corr": 0.047510795197588045,
            "pval": 0.2218109429290775
          },
          "48": {
            "corr": 0.05134361900033404,
            "pval": 0.18669744151745055
          }
        },
        "n_samples": 668,
        "isf": 40.0
      },
      "f": {
        "best_window": 16,
        "best_corr": -0.07727123300881615,
        "smoothed_corr": -0.06278808680365022,
        "window_corrs": {
          "4": {
            "corr": -0.03534590279238445,
            "pval": 0.3311331361636043
          },
          "8": {
            "corr": -0.014769041356545906,
            "pval": 0.6851602356897352
          },
          "12": {
            "corr": -0.07545653266296833,
            "pval": 0.038185355673839745
          },
          "16": {
            "corr": -0.07727123300881615,
            "pval": 0.03376568553005541
          },
          "24": {
            "corr": -0.050818187575794184,
            "pval": 0.1630361930315738
          },
          "36": {
            "corr": -0.06260415467202578,
            "pval": 0.08560943262735252
          },
          "48": {
            "corr": -0.07395544115282089,
            "pval": 0.04220341667069878
          }
        },
        "n_samples": 760,
        "isf": 40.0
      },
      "g": {
        "best_window": 4,
        "best_corr": -0.08683664979820784,
        "smoothed_corr": -0.06086200878050723,
        "window_corrs": {
          "4": {
            "corr": -0.08683664979820784,
            "pval": 0.016859429485350314
          },
          "8": {
            "corr": -0.05064652702952868,
            "pval": 0.16446376707683594
          },
          "12": {
            "corr": -0.02362176511310509,
            "pval": 0.5172141278008906
          },
          "16": {
            "corr": -0.030304576893751257,
            "pval": 0.4060044345475496
          },
          "24": {
            "corr": 0.008411888229700156,
            "pval": 0.8176229212184278
          },
          "36": {
            "corr": 0.024334169025416158,
            "pval": 0.504654852086959
          },
          "48": {
            "corr": 0.0470683656150256,
            "pval": 0.1966952221171209
          }
        },
        "n_samples": 759,
        "isf": 40.0
      },
      "h": {
        "best_window": 16,
        "best_corr": -0.06835086928652344,
        "smoothed_corr": -0.05473508852524017,
        "window_corrs": {
          "4": {
            "corr": 0.06719919034748466,
            "pval": 0.24431417530056188
          },
          "8": {
            "corr": -0.012735974802555134,
            "pval": 0.8261191683170007
          },
          "12": {
            "corr": -0.053639214916322654,
            "pval": 0.35533572085880355
          },
          "16": {
            "corr": -0.06835086928652344,
            "pval": 0.2386670868173524
          },
          "24": {
            "corr": -0.0371920832002934,
            "pval": 0.5217571567994929
          },