{
  "experiment": "EXP-206",
  "name": "hierarchical-event-coarse-to-fine",
  "results": {
    "flat_f1_weighted": 0.6847949322029746,
    "flat_f1_macro": 0.6344335228005512,
    "hierarchical_f1_weighted": 0.2955343007470014,
    "hierarchical_f1_macro": 0.4655756765056371,
    "oracle_f1_weighted": 0.41076152764094065,
    "coarse_accuracy": 0.77612563145179,
    "improvement_pct": -56.84338669780813,
    "n_classes": 6,
    "n_coarse_classes": 3,
    "coarse_map": {
      "0": 0,
      "1": 1,
      "2": 1,
      "3": 2,
      "4": 2,
      "5": 2
    }
  }
}